2025-11-17 15:31:53,545 [Worker-5: Loading available Gradle versions] INFO  o.e.b.c.i.u.g.PublishedGradleVersions - Gradle version information cache is not available. Remote download required.
2025-11-17 20:15:12,846 [Worker-2: Loading available Gradle versions] INFO  o.e.b.c.i.u.g.PublishedGradleVersions - Gradle version information cache is up-to-date. Trying to read.
2025-11-20 23:37:04,477 [Worker-6: Loading available Gradle versions] INFO  o.e.b.c.i.u.g.PublishedGradleVersions - Gradle version information cache is out-of-date. Trying to update.
2025-11-20 23:39:25,331 [Worker-2: Loading available Gradle versions] INFO  o.e.b.c.i.u.g.PublishedGradleVersions - Gradle version information cache is up-to-date. Trying to read.
2025-11-23 16:21:07,146 [Worker-8: Loading available Gradle versions] INFO  o.e.b.c.i.u.g.PublishedGradleVersions - Gradle version information cache is out-of-date. Trying to update.
2025-11-24 17:40:41,806 [Worker-7: Loading available Gradle versions] INFO  o.e.b.c.i.u.g.PublishedGradleVersions - Gradle version information cache is out-of-date. Trying to update.
2025-11-25 19:13:57,988 [Worker-4: Loading available Gradle versions] INFO  o.e.b.c.i.u.g.PublishedGradleVersions - Gradle version information cache is out-of-date. Trying to update.
2025-11-25 19:15:59,143 [Worker-4: Loading available Gradle versions] INFO  o.e.b.c.i.u.g.PublishedGradleVersions - Gradle version information cache is up-to-date. Trying to read.
2025-12-10 21:59:00,404 [Worker-4: Loading available Gradle versions] INFO  o.e.b.c.i.u.g.PublishedGradleVersions - Gradle version information cache is out-of-date. Trying to update.
2025-12-12 00:29:14,968 [Worker-6: Loading available Gradle versions] INFO  o.e.b.c.i.u.g.PublishedGradleVersions - Gradle version information cache is out-of-date. Trying to update.
2025-12-13 19:49:46,131 [ModalContext] INFO  o.e.m.c.i.e.AbstractTransferListenerAdapter - Downloading https://repo.maven.apache.org/maven2/org/apache/maven/archetypes/maven-archetype-mojo/1.0/maven-archetype-mojo-1.0.pom
2025-12-13 19:49:46,141 [ModalContext] INFO  o.e.m.c.i.e.AbstractTransferListenerAdapter - Downloaded https://repo.maven.apache.org/maven2/org/apache/maven/archetypes/maven-archetype-mojo/1.0/maven-archetype-mojo-1.0.pom
2025-12-13 19:49:46,294 [ModalContext] INFO  o.e.m.c.i.e.AbstractTransferListenerAdapter - Downloading https://repo.maven.apache.org/maven2/org/apache/maven/archetypes/maven-archetype-bundles/2/maven-archetype-bundles-2.pom
2025-12-13 19:49:46,298 [ModalContext] INFO  o.e.m.c.i.e.AbstractTransferListenerAdapter - Downloaded https://repo.maven.apache.org/maven2/org/apache/maven/archetypes/maven-archetype-bundles/2/maven-archetype-bundles-2.pom
2025-12-13 19:49:46,432 [ModalContext] INFO  o.e.m.c.i.e.AbstractTransferListenerAdapter - Downloading https://repo.maven.apache.org/maven2/org/apache/maven/archetype/maven-archetype-parent/1/maven-archetype-parent-1.pom
2025-12-13 19:49:46,436 [ModalContext] INFO  o.e.m.c.i.e.AbstractTransferListenerAdapter - Downloaded https://repo.maven.apache.org/maven2/org/apache/maven/archetype/maven-archetype-parent/1/maven-archetype-parent-1.pom
2025-12-13 19:49:46,540 [ModalContext] INFO  o.e.m.c.i.e.AbstractTransferListenerAdapter - Downloading https://repo.maven.apache.org/maven2/org/apache/maven/maven-parent/4/maven-parent-4.pom
2025-12-13 19:49:46,546 [ModalContext] INFO  o.e.m.c.i.e.AbstractTransferListenerAdapter - Downloaded https://repo.maven.apache.org/maven2/org/apache/maven/maven-parent/4/maven-parent-4.pom
2025-12-13 19:49:46,643 [ModalContext] INFO  o.e.m.c.i.e.AbstractTransferListenerAdapter - Downloading https://repo.maven.apache.org/maven2/org/apache/apache/3/apache-3.pom
2025-12-13 19:49:46,648 [ModalContext] INFO  o.e.m.c.i.e.AbstractTransferListenerAdapter - Downloaded https://repo.maven.apache.org/maven2/org/apache/apache/3/apache-3.pom
2025-12-13 19:49:46,866 [ModalContext] INFO  o.e.m.c.i.e.AbstractTransferListenerAdapter - Downloading https://repo.maven.apache.org/maven2/org/apache/maven/archetypes/maven-archetype-mojo/1.0/maven-archetype-mojo-1.0.jar
2025-12-13 19:49:46,871 [ModalContext] INFO  o.e.m.c.i.e.AbstractTransferListenerAdapter - Downloaded https://repo.maven.apache.org/maven2/org/apache/maven/archetypes/maven-archetype-mojo/1.0/maven-archetype-mojo-1.0.jar
2025-12-13 19:50:13,959 [ModalContext] INFO  o.e.m.c.i.e.AbstractTransferListenerAdapter - Downloading https://repo.maven.apache.org/maven2/org/apache/maven/archetypes/maven-archetype-quickstart/1.5/maven-archetype-quickstart-1.5.pom
2025-12-13 19:50:13,964 [ModalContext] INFO  o.e.m.c.i.e.AbstractTransferListenerAdapter - Downloaded https://repo.maven.apache.org/maven2/org/apache/maven/archetypes/maven-archetype-quickstart/1.5/maven-archetype-quickstart-1.5.pom
2025-12-13 19:50:14,064 [ModalContext] INFO  o.e.m.c.i.e.AbstractTransferListenerAdapter - Downloading https://repo.maven.apache.org/maven2/org/apache/maven/archetypes/maven-archetype-bundles/1.5/maven-archetype-bundles-1.5.pom
2025-12-13 19:50:14,070 [ModalContext] INFO  o.e.m.c.i.e.AbstractTransferListenerAdapter - Downloaded https://repo.maven.apache.org/maven2/org/apache/maven/archetypes/maven-archetype-bundles/1.5/maven-archetype-bundles-1.5.pom
2025-12-13 19:50:14,175 [ModalContext] INFO  o.e.m.c.i.e.AbstractTransferListenerAdapter - Downloading https://repo.maven.apache.org/maven2/org/apache/maven/maven-parent/43/maven-parent-43.pom
2025-12-13 19:50:14,182 [ModalContext] INFO  o.e.m.c.i.e.AbstractTransferListenerAdapter - Downloaded https://repo.maven.apache.org/maven2/org/apache/maven/maven-parent/43/maven-parent-43.pom
2025-12-13 19:50:14,284 [ModalContext] INFO  o.e.m.c.i.e.AbstractTransferListenerAdapter - Downloading https://repo.maven.apache.org/maven2/org/apache/apache/33/apache-33.pom
2025-12-13 19:50:14,289 [ModalContext] INFO  o.e.m.c.i.e.AbstractTransferListenerAdapter - Downloaded https://repo.maven.apache.org/maven2/org/apache/apache/33/apache-33.pom
2025-12-13 19:50:14,393 [ModalContext] INFO  o.e.m.c.i.e.AbstractTransferListenerAdapter - Downloading https://repo.maven.apache.org/maven2/org/junit/junit-bom/5.10.3/junit-bom-5.10.3.pom
2025-12-13 19:50:14,398 [ModalContext] INFO  o.e.m.c.i.e.AbstractTransferListenerAdapter - Downloaded https://repo.maven.apache.org/maven2/org/junit/junit-bom/5.10.3/junit-bom-5.10.3.pom
2025-12-13 19:50:14,509 [ModalContext] INFO  o.e.m.c.i.e.AbstractTransferListenerAdapter - Downloading https://repo.maven.apache.org/maven2/org/apache/maven/archetypes/maven-archetype-quickstart/1.5/maven-archetype-quickstart-1.5.jar
2025-12-13 19:50:14,515 [ModalContext] INFO  o.e.m.c.i.e.AbstractTransferListenerAdapter - Downloaded https://repo.maven.apache.org/maven2/org/apache/maven/archetypes/maven-archetype-quickstart/1.5/maven-archetype-quickstart-1.5.jar
2025-12-13 19:51:44,297 [Worker-94: Launching mavenrun-e68e5054-9586-4660-937c-c55d58a113bb] INFO  o.eclipse.m2e.core.internal.Bundles - getClasspathEntries(Bundle=org.eclipse.m2e.maven.runtime_3.9.1100.20250811-2018 [639])
2025-12-13 19:51:44,299 [Worker-94: Launching mavenrun-e68e5054-9586-4660-937c-c55d58a113bb] INFO  o.eclipse.m2e.core.internal.Bundles - 	Entry: C:\Users\mateo\.p2\pool\plugins\org.eclipse.m2e.maven.runtime_3.9.1100.20250811-2018
2025-12-13 19:51:44,299 [Worker-94: Launching mavenrun-e68e5054-9586-4660-937c-c55d58a113bb] INFO  o.eclipse.m2e.core.internal.Bundles - 	Entry: C:\Users\mateo\.p2\pool\plugins\org.eclipse.m2e.maven.runtime_3.9.1100.20250811-2018\jars\aopalliance-1.0.jar
2025-12-13 19:51:44,300 [Worker-94: Launching mavenrun-e68e5054-9586-4660-937c-c55d58a113bb] INFO  o.eclipse.m2e.core.internal.Bundles - 	Entry: C:\Users\mateo\.p2\pool\plugins\org.eclipse.m2e.maven.runtime_3.9.1100.20250811-2018\jars\asm-9.8.jar
2025-12-13 19:51:44,300 [Worker-94: Launching mavenrun-e68e5054-9586-4660-937c-c55d58a113bb] INFO  o.eclipse.m2e.core.internal.Bundles - 	Entry: C:\Users\mateo\.p2\pool\plugins\org.eclipse.m2e.maven.runtime_3.9.1100.20250811-2018\jars\error_prone_annotations-2.38.0.jar
2025-12-13 19:51:44,300 [Worker-94: Launching mavenrun-e68e5054-9586-4660-937c-c55d58a113bb] INFO  o.eclipse.m2e.core.internal.Bundles - 	Entry: C:\Users\mateo\.p2\pool\plugins\org.eclipse.m2e.maven.runtime_3.9.1100.20250811-2018\jars\gson-2.13.1.jar
2025-12-13 19:51:44,300 [Worker-94: Launching mavenrun-e68e5054-9586-4660-937c-c55d58a113bb] INFO  o.eclipse.m2e.core.internal.Bundles - 	Entry: C:\Users\mateo\.p2\pool\plugins\org.eclipse.m2e.maven.runtime_3.9.1100.20250811-2018\jars\guice-5.1.0-classes.jar
2025-12-13 19:51:44,301 [Worker-94: Launching mavenrun-e68e5054-9586-4660-937c-c55d58a113bb] INFO  o.eclipse.m2e.core.internal.Bundles - 	Entry: C:\Users\mateo\.p2\pool\plugins\org.eclipse.m2e.maven.runtime_3.9.1100.20250811-2018\jars\httpclient-4.5.14.jar
2025-12-13 19:51:44,301 [Worker-94: Launching mavenrun-e68e5054-9586-4660-937c-c55d58a113bb] INFO  o.eclipse.m2e.core.internal.Bundles - 	Entry: C:\Users\mateo\.p2\pool\plugins\org.eclipse.m2e.maven.runtime_3.9.1100.20250811-2018\jars\httpcore-4.4.16.jar
2025-12-13 19:51:44,301 [Worker-94: Launching mavenrun-e68e5054-9586-4660-937c-c55d58a113bb] INFO  o.eclipse.m2e.core.internal.Bundles - 	Entry: C:\Users\mateo\.p2\pool\plugins\org.eclipse.m2e.maven.runtime_3.9.1100.20250811-2018\jars\jansi-2.4.2.jar
2025-12-13 19:51:44,301 [Worker-94: Launching mavenrun-e68e5054-9586-4660-937c-c55d58a113bb] INFO  o.eclipse.m2e.core.internal.Bundles - 	Entry: C:\Users\mateo\.p2\pool\plugins\org.eclipse.m2e.maven.runtime_3.9.1100.20250811-2018\jars\jcl-over-slf4j-1.7.36.jar
2025-12-13 19:51:44,301 [Worker-94: Launching mavenrun-e68e5054-9586-4660-937c-c55d58a113bb] INFO  o.eclipse.m2e.core.internal.Bundles - 	Entry: C:\Users\mateo\.p2\pool\plugins\org.eclipse.m2e.maven.runtime_3.9.1100.20250811-2018\jars\maven-artifact-3.9.11.jar
2025-12-13 19:51:44,301 [Worker-94: Launching mavenrun-e68e5054-9586-4660-937c-c55d58a113bb] INFO  o.eclipse.m2e.core.internal.Bundles - 	Entry: C:\Users\mateo\.p2\pool\plugins\org.eclipse.m2e.maven.runtime_3.9.1100.20250811-2018\jars\maven-builder-support-3.9.11.jar
2025-12-13 19:51:44,302 [Worker-94: Launching mavenrun-e68e5054-9586-4660-937c-c55d58a113bb] INFO  o.eclipse.m2e.core.internal.Bundles - 	Entry: C:\Users\mateo\.p2\pool\plugins\org.eclipse.m2e.maven.runtime_3.9.1100.20250811-2018\jars\maven-compat-3.9.11.jar
2025-12-13 19:51:44,302 [Worker-94: Launching mavenrun-e68e5054-9586-4660-937c-c55d58a113bb] INFO  o.eclipse.m2e.core.internal.Bundles - 	Entry: C:\Users\mateo\.p2\pool\plugins\org.eclipse.m2e.maven.runtime_3.9.1100.20250811-2018\jars\maven-core-3.9.11.jar
2025-12-13 19:51:44,302 [Worker-94: Launching mavenrun-e68e5054-9586-4660-937c-c55d58a113bb] INFO  o.eclipse.m2e.core.internal.Bundles - 	Entry: C:\Users\mateo\.p2\pool\plugins\org.eclipse.m2e.maven.runtime_3.9.1100.20250811-2018\jars\maven-embedder-3.9.11.jar
2025-12-13 19:51:44,302 [Worker-94: Launching mavenrun-e68e5054-9586-4660-937c-c55d58a113bb] INFO  o.eclipse.m2e.core.internal.Bundles - 	Entry: C:\Users\mateo\.p2\pool\plugins\org.eclipse.m2e.maven.runtime_3.9.1100.20250811-2018\jars\maven-model-3.9.11.jar
2025-12-13 19:51:44,302 [Worker-94: Launching mavenrun-e68e5054-9586-4660-937c-c55d58a113bb] INFO  o.eclipse.m2e.core.internal.Bundles - 	Entry: C:\Users\mateo\.p2\pool\plugins\org.eclipse.m2e.maven.runtime_3.9.1100.20250811-2018\jars\maven-model-builder-3.9.11.jar
2025-12-13 19:51:44,302 [Worker-94: Launching mavenrun-e68e5054-9586-4660-937c-c55d58a113bb] INFO  o.eclipse.m2e.core.internal.Bundles - 	Entry: C:\Users\mateo\.p2\pool\plugins\org.eclipse.m2e.maven.runtime_3.9.1100.20250811-2018\jars\maven-plugin-api-3.9.11.jar
2025-12-13 19:51:44,302 [Worker-94: Launching mavenrun-e68e5054-9586-4660-937c-c55d58a113bb] INFO  o.eclipse.m2e.core.internal.Bundles - 	Entry: C:\Users\mateo\.p2\pool\plugins\org.eclipse.m2e.maven.runtime_3.9.1100.20250811-2018\jars\maven-repository-metadata-3.9.11.jar
2025-12-13 19:51:44,302 [Worker-94: Launching mavenrun-e68e5054-9586-4660-937c-c55d58a113bb] INFO  o.eclipse.m2e.core.internal.Bundles - 	Entry: C:\Users\mateo\.p2\pool\plugins\org.eclipse.m2e.maven.runtime_3.9.1100.20250811-2018\jars\maven-resolver-api-1.9.24.jar
2025-12-13 19:51:44,302 [Worker-94: Launching mavenrun-e68e5054-9586-4660-937c-c55d58a113bb] INFO  o.eclipse.m2e.core.internal.Bundles - 	Entry: C:\Users\mateo\.p2\pool\plugins\org.eclipse.m2e.maven.runtime_3.9.1100.20250811-2018\jars\maven-resolver-connector-basic-1.9.24.jar
2025-12-13 19:51:44,303 [Worker-94: Launching mavenrun-e68e5054-9586-4660-937c-c55d58a113bb] INFO  o.eclipse.m2e.core.internal.Bundles - 	Entry: C:\Users\mateo\.p2\pool\plugins\org.eclipse.m2e.maven.runtime_3.9.1100.20250811-2018\jars\maven-resolver-impl-1.9.24.jar
2025-12-13 19:51:44,303 [Worker-94: Launching mavenrun-e68e5054-9586-4660-937c-c55d58a113bb] INFO  o.eclipse.m2e.core.internal.Bundles - 	Entry: C:\Users\mateo\.p2\pool\plugins\org.eclipse.m2e.maven.runtime_3.9.1100.20250811-2018\jars\maven-resolver-named-locks-1.9.24.jar
2025-12-13 19:51:44,303 [Worker-94: Launching mavenrun-e68e5054-9586-4660-937c-c55d58a113bb] INFO  o.eclipse.m2e.core.internal.Bundles - 	Entry: C:\Users\mateo\.p2\pool\plugins\org.eclipse.m2e.maven.runtime_3.9.1100.20250811-2018\jars\maven-resolver-provider-3.9.11.jar
2025-12-13 19:51:44,303 [Worker-94: Launching mavenrun-e68e5054-9586-4660-937c-c55d58a113bb] INFO  o.eclipse.m2e.core.internal.Bundles - 	Entry: C:\Users\mateo\.p2\pool\plugins\org.eclipse.m2e.maven.runtime_3.9.1100.20250811-2018\jars\maven-resolver-spi-1.9.24.jar
2025-12-13 19:51:44,303 [Worker-94: Launching mavenrun-e68e5054-9586-4660-937c-c55d58a113bb] INFO  o.eclipse.m2e.core.internal.Bundles - 	Entry: C:\Users\mateo\.p2\pool\plugins\org.eclipse.m2e.maven.runtime_3.9.1100.20250811-2018\jars\maven-resolver-transport-file-1.9.24.jar
2025-12-13 19:51:44,303 [Worker-94: Launching mavenrun-e68e5054-9586-4660-937c-c55d58a113bb] INFO  o.eclipse.m2e.core.internal.Bundles - 	Entry: C:\Users\mateo\.p2\pool\plugins\org.eclipse.m2e.maven.runtime_3.9.1100.20250811-2018\jars\maven-resolver-transport-http-1.9.24.jar
2025-12-13 19:51:44,304 [Worker-94: Launching mavenrun-e68e5054-9586-4660-937c-c55d58a113bb] INFO  o.eclipse.m2e.core.internal.Bundles - 	Entry: C:\Users\mateo\.p2\pool\plugins\org.eclipse.m2e.maven.runtime_3.9.1100.20250811-2018\jars\maven-resolver-transport-wagon-1.9.24.jar
2025-12-13 19:51:44,304 [Worker-94: Launching mavenrun-e68e5054-9586-4660-937c-c55d58a113bb] INFO  o.eclipse.m2e.core.internal.Bundles - 	Entry: C:\Users\mateo\.p2\pool\plugins\org.eclipse.m2e.maven.runtime_3.9.1100.20250811-2018\jars\maven-resolver-util-1.9.24.jar
2025-12-13 19:51:44,304 [Worker-94: Launching mavenrun-e68e5054-9586-4660-937c-c55d58a113bb] INFO  o.eclipse.m2e.core.internal.Bundles - 	Entry: C:\Users\mateo\.p2\pool\plugins\org.eclipse.m2e.maven.runtime_3.9.1100.20250811-2018\jars\maven-settings-3.9.11.jar
2025-12-13 19:51:44,304 [Worker-94: Launching mavenrun-e68e5054-9586-4660-937c-c55d58a113bb] INFO  o.eclipse.m2e.core.internal.Bundles - 	Entry: C:\Users\mateo\.p2\pool\plugins\org.eclipse.m2e.maven.runtime_3.9.1100.20250811-2018\jars\maven-settings-builder-3.9.11.jar
2025-12-13 19:51:44,304 [Worker-94: Launching mavenrun-e68e5054-9586-4660-937c-c55d58a113bb] INFO  o.eclipse.m2e.core.internal.Bundles - 	Entry: C:\Users\mateo\.p2\pool\plugins\org.eclipse.m2e.maven.runtime_3.9.1100.20250811-2018\jars\maven-shared-utils-3.4.2.jar
2025-12-13 19:51:44,304 [Worker-94: Launching mavenrun-e68e5054-9586-4660-937c-c55d58a113bb] INFO  o.eclipse.m2e.core.internal.Bundles - 	Entry: C:\Users\mateo\.p2\pool\plugins\org.eclipse.m2e.maven.runtime_3.9.1100.20250811-2018\jars\org.eclipse.sisu.inject-0.9.0.M4.jar
2025-12-13 19:51:44,304 [Worker-94: Launching mavenrun-e68e5054-9586-4660-937c-c55d58a113bb] INFO  o.eclipse.m2e.core.internal.Bundles - 	Entry: C:\Users\mateo\.p2\pool\plugins\org.eclipse.m2e.maven.runtime_3.9.1100.20250811-2018\jars\org.eclipse.sisu.plexus-0.9.0.M4.jar
2025-12-13 19:51:44,305 [Worker-94: Launching mavenrun-e68e5054-9586-4660-937c-c55d58a113bb] INFO  o.eclipse.m2e.core.internal.Bundles - 	Entry: C:\Users\mateo\.p2\pool\plugins\org.eclipse.m2e.maven.runtime_3.9.1100.20250811-2018\jars\plexus-build-api-0.0.7.jar
2025-12-13 19:51:44,305 [Worker-94: Launching mavenrun-e68e5054-9586-4660-937c-c55d58a113bb] INFO  o.eclipse.m2e.core.internal.Bundles - 	Entry: C:\Users\mateo\.p2\pool\plugins\org.eclipse.m2e.maven.runtime_3.9.1100.20250811-2018\jars\plexus-build-api-1.2.0.jar
2025-12-13 19:51:44,305 [Worker-94: Launching mavenrun-e68e5054-9586-4660-937c-c55d58a113bb] INFO  o.eclipse.m2e.core.internal.Bundles - 	Entry: C:\Users\mateo\.p2\pool\plugins\org.eclipse.m2e.maven.runtime_3.9.1100.20250811-2018\jars\plexus-cipher-2.0.jar
2025-12-13 19:51:44,305 [Worker-94: Launching mavenrun-e68e5054-9586-4660-937c-c55d58a113bb] INFO  o.eclipse.m2e.core.internal.Bundles - 	Entry: C:\Users\mateo\.p2\pool\plugins\org.eclipse.m2e.maven.runtime_3.9.1100.20250811-2018\jars\plexus-classworlds-2.9.0.jar
2025-12-13 19:51:44,306 [Worker-94: Launching mavenrun-e68e5054-9586-4660-937c-c55d58a113bb] INFO  o.eclipse.m2e.core.internal.Bundles - 	Entry: C:\Users\mateo\.p2\pool\plugins\org.eclipse.m2e.maven.runtime_3.9.1100.20250811-2018\jars\plexus-component-annotations-2.2.0.jar
2025-12-13 19:51:44,306 [Worker-94: Launching mavenrun-e68e5054-9586-4660-937c-c55d58a113bb] INFO  o.eclipse.m2e.core.internal.Bundles - 	Entry: C:\Users\mateo\.p2\pool\plugins\org.eclipse.m2e.maven.runtime_3.9.1100.20250811-2018\jars\plexus-interpolation-1.28.jar
2025-12-13 19:51:44,306 [Worker-94: Launching mavenrun-e68e5054-9586-4660-937c-c55d58a113bb] INFO  o.eclipse.m2e.core.internal.Bundles - 	Entry: C:\Users\mateo\.p2\pool\plugins\org.eclipse.m2e.maven.runtime_3.9.1100.20250811-2018\jars\plexus-sec-dispatcher-2.0.jar
2025-12-13 19:51:44,306 [Worker-94: Launching mavenrun-e68e5054-9586-4660-937c-c55d58a113bb] INFO  o.eclipse.m2e.core.internal.Bundles - 	Entry: C:\Users\mateo\.p2\pool\plugins\org.eclipse.m2e.maven.runtime_3.9.1100.20250811-2018\jars\plexus-utils-3.6.0.jar
2025-12-13 19:51:44,307 [Worker-94: Launching mavenrun-e68e5054-9586-4660-937c-c55d58a113bb] INFO  o.eclipse.m2e.core.internal.Bundles - 	Entry: C:\Users\mateo\.p2\pool\plugins\org.eclipse.m2e.maven.runtime_3.9.1100.20250811-2018\jars\wagon-file-3.5.3.jar
2025-12-13 19:51:44,307 [Worker-94: Launching mavenrun-e68e5054-9586-4660-937c-c55d58a113bb] INFO  o.eclipse.m2e.core.internal.Bundles - 	Entry: C:\Users\mateo\.p2\pool\plugins\org.eclipse.m2e.maven.runtime_3.9.1100.20250811-2018\jars\wagon-http-3.5.3.jar
2025-12-13 19:51:44,307 [Worker-94: Launching mavenrun-e68e5054-9586-4660-937c-c55d58a113bb] INFO  o.eclipse.m2e.core.internal.Bundles - 	Entry: C:\Users\mateo\.p2\pool\plugins\org.eclipse.m2e.maven.runtime_3.9.1100.20250811-2018\jars\wagon-http-shared-3.5.3.jar
2025-12-13 19:51:44,307 [Worker-94: Launching mavenrun-e68e5054-9586-4660-937c-c55d58a113bb] INFO  o.eclipse.m2e.core.internal.Bundles - 	Entry: C:\Users\mateo\.p2\pool\plugins\org.eclipse.m2e.maven.runtime_3.9.1100.20250811-2018\jars\wagon-provider-api-3.5.3.jar
2025-12-13 19:51:44,308 [Worker-94: Launching mavenrun-e68e5054-9586-4660-937c-c55d58a113bb] INFO  o.eclipse.m2e.core.internal.Bundles - getClasspathEntries(Bundle=com.google.guava_33.5.0.jre [1014])
2025-12-13 19:51:44,309 [Worker-94: Launching mavenrun-e68e5054-9586-4660-937c-c55d58a113bb] INFO  o.eclipse.m2e.core.internal.Bundles - 	Entry: C:\Users\mateo\.p2\pool\plugins\com.google.guava_33.5.0.jre.jar
2025-12-13 19:51:44,309 [Worker-94: Launching mavenrun-e68e5054-9586-4660-937c-c55d58a113bb] INFO  o.eclipse.m2e.core.internal.Bundles - getClasspathEntries(Bundle=slf4j.api_2.0.17 [1004])
2025-12-13 19:51:44,309 [Worker-94: Launching mavenrun-e68e5054-9586-4660-937c-c55d58a113bb] INFO  o.eclipse.m2e.core.internal.Bundles - 	Entry: C:\Users\mateo\.p2\pool\plugins\slf4j.api_2.0.17.jar
2025-12-13 19:51:44,309 [Worker-94: Launching mavenrun-e68e5054-9586-4660-937c-c55d58a113bb] INFO  o.eclipse.m2e.core.internal.Bundles - getClasspathEntries(Bundle=jakarta.inject.jakarta.inject-api_1.0.5 [35])
2025-12-13 19:51:44,310 [Worker-94: Launching mavenrun-e68e5054-9586-4660-937c-c55d58a113bb] INFO  o.eclipse.m2e.core.internal.Bundles - 	Entry: C:\Users\mateo\.p2\pool\plugins\jakarta.inject.jakarta.inject-api_1.0.5.jar
2025-12-13 19:51:44,310 [Worker-94: Launching mavenrun-e68e5054-9586-4660-937c-c55d58a113bb] INFO  o.eclipse.m2e.core.internal.Bundles - getClasspathEntries(Bundle=jakarta.annotation-api_1.3.5 [31])
2025-12-13 19:51:44,310 [Worker-94: Launching mavenrun-e68e5054-9586-4660-937c-c55d58a113bb] INFO  o.eclipse.m2e.core.internal.Bundles - 	Entry: C:\Users\mateo\.p2\pool\plugins\jakarta.annotation-api_1.3.5.jar
2025-12-13 19:51:44,310 [Worker-94: Launching mavenrun-e68e5054-9586-4660-937c-c55d58a113bb] INFO  o.eclipse.m2e.core.internal.Bundles - getClasspathEntries(Bundle=org.apache.commons.cli_1.10.0 [75])
2025-12-13 19:51:44,310 [Worker-94: Launching mavenrun-e68e5054-9586-4660-937c-c55d58a113bb] INFO  o.eclipse.m2e.core.internal.Bundles - 	Entry: C:\Users\mateo\.p2\pool\plugins\org.apache.commons.cli_1.10.0.jar
2025-12-13 19:51:44,310 [Worker-94: Launching mavenrun-e68e5054-9586-4660-937c-c55d58a113bb] INFO  o.eclipse.m2e.core.internal.Bundles - getClasspathEntries(Bundle=org.apache.commons.commons-codec_1.20.0 [1042])
2025-12-13 19:51:44,312 [Worker-94: Launching mavenrun-e68e5054-9586-4660-937c-c55d58a113bb] INFO  o.eclipse.m2e.core.internal.Bundles - 	Entry: C:\Users\mateo\.p2\pool\plugins\org.apache.commons.commons-codec_1.20.0.jar
2025-12-13 19:51:44,312 [Worker-94: Launching mavenrun-e68e5054-9586-4660-937c-c55d58a113bb] INFO  o.eclipse.m2e.core.internal.Bundles - getClasspathEntries(Bundle=com.google.guava.failureaccess_1.0.3 [19])
2025-12-13 19:51:44,312 [Worker-94: Launching mavenrun-e68e5054-9586-4660-937c-c55d58a113bb] INFO  o.eclipse.m2e.core.internal.Bundles - 	Entry: C:\Users\mateo\.p2\pool\plugins\com.google.guava.failureaccess_1.0.3.jar
2025-12-13 19:51:44,316 [Worker-94: Launching mavenrun-e68e5054-9586-4660-937c-c55d58a113bb] INFO  o.e.m.i.launch.MavenLaunchDelegate - Run build in "C:\Users\mateo\AppData\Local\Temp\m2e-archetypeGenerator11175315948696462914":
2025-12-13 19:51:44,317 [Worker-94: Launching mavenrun-e68e5054-9586-4660-937c-c55d58a113bb] INFO  o.e.m.i.launch.MavenLaunchDelegate -  mvn  -DjavaCompilerVersion=17 -DjunitVersion=5.11.0 -DarchetypeGroupId=org.apache.maven.archetypes -DarchetypeArtifactId=maven-archetype-quickstart -DarchetypeVersion=1.5 -DgroupId=com.krakedev -DartifactId=demo -Dversion=0.0.1 -Dpackage=com.krakedev.demo -DoutputDirectory="C:\Users\mateo\Documents\KRAKEV\MODULO 2\workspace_java" -Dstyle.color=always -U archetype:generate
2025-12-13 19:54:12,183 [Worker-93: Creating maven-archetype-quickstart] INFO  o.e.m.c.i.p.ProjectConfigurationManager - Collecting project info '/pom.xml' C:\Users\mateo\Documents\KRAKEV\MODULO 2\workspace_java\Demo\pom.xml
2025-12-13 19:59:18,169 [Worker-100: Launching mavenrun-810c5a17-d030-4e7f-a416-b647f988e43f] INFO  o.eclipse.m2e.core.internal.Bundles - getClasspathEntries(Bundle=org.eclipse.m2e.maven.runtime_3.9.1100.20250811-2018 [639])
2025-12-13 19:59:18,170 [Worker-100: Launching mavenrun-810c5a17-d030-4e7f-a416-b647f988e43f] INFO  o.eclipse.m2e.core.internal.Bundles - 	Entry: C:\Users\mateo\.p2\pool\plugins\org.eclipse.m2e.maven.runtime_3.9.1100.20250811-2018
2025-12-13 19:59:18,170 [Worker-100: Launching mavenrun-810c5a17-d030-4e7f-a416-b647f988e43f] INFO  o.eclipse.m2e.core.internal.Bundles - 	Entry: C:\Users\mateo\.p2\pool\plugins\org.eclipse.m2e.maven.runtime_3.9.1100.20250811-2018\jars\aopalliance-1.0.jar
2025-12-13 19:59:18,170 [Worker-100: Launching mavenrun-810c5a17-d030-4e7f-a416-b647f988e43f] INFO  o.eclipse.m2e.core.internal.Bundles - 	Entry: C:\Users\mateo\.p2\pool\plugins\org.eclipse.m2e.maven.runtime_3.9.1100.20250811-2018\jars\asm-9.8.jar
2025-12-13 19:59:18,170 [Worker-100: Launching mavenrun-810c5a17-d030-4e7f-a416-b647f988e43f] INFO  o.eclipse.m2e.core.internal.Bundles - 	Entry: C:\Users\mateo\.p2\pool\plugins\org.eclipse.m2e.maven.runtime_3.9.1100.20250811-2018\jars\error_prone_annotations-2.38.0.jar
2025-12-13 19:59:18,171 [Worker-100: Launching mavenrun-810c5a17-d030-4e7f-a416-b647f988e43f] INFO  o.eclipse.m2e.core.internal.Bundles - 	Entry: C:\Users\mateo\.p2\pool\plugins\org.eclipse.m2e.maven.runtime_3.9.1100.20250811-2018\jars\gson-2.13.1.jar
2025-12-13 19:59:18,171 [Worker-100: Launching mavenrun-810c5a17-d030-4e7f-a416-b647f988e43f] INFO  o.eclipse.m2e.core.internal.Bundles - 	Entry: C:\Users\mateo\.p2\pool\plugins\org.eclipse.m2e.maven.runtime_3.9.1100.20250811-2018\jars\guice-5.1.0-classes.jar
2025-12-13 19:59:18,171 [Worker-100: Launching mavenrun-810c5a17-d030-4e7f-a416-b647f988e43f] INFO  o.eclipse.m2e.core.internal.Bundles - 	Entry: C:\Users\mateo\.p2\pool\plugins\org.eclipse.m2e.maven.runtime_3.9.1100.20250811-2018\jars\httpclient-4.5.14.jar
2025-12-13 19:59:18,171 [Worker-100: Launching mavenrun-810c5a17-d030-4e7f-a416-b647f988e43f] INFO  o.eclipse.m2e.core.internal.Bundles - 	Entry: C:\Users\mateo\.p2\pool\plugins\org.eclipse.m2e.maven.runtime_3.9.1100.20250811-2018\jars\httpcore-4.4.16.jar
2025-12-13 19:59:18,171 [Worker-100: Launching mavenrun-810c5a17-d030-4e7f-a416-b647f988e43f] INFO  o.eclipse.m2e.core.internal.Bundles - 	Entry: C:\Users\mateo\.p2\pool\plugins\org.eclipse.m2e.maven.runtime_3.9.1100.20250811-2018\jars\jansi-2.4.2.jar
2025-12-13 19:59:18,171 [Worker-100: Launching mavenrun-810c5a17-d030-4e7f-a416-b647f988e43f] INFO  o.eclipse.m2e.core.internal.Bundles - 	Entry: C:\Users\mateo\.p2\pool\plugins\org.eclipse.m2e.maven.runtime_3.9.1100.20250811-2018\jars\jcl-over-slf4j-1.7.36.jar
2025-12-13 19:59:18,171 [Worker-100: Launching mavenrun-810c5a17-d030-4e7f-a416-b647f988e43f] INFO  o.eclipse.m2e.core.internal.Bundles - 	Entry: C:\Users\mateo\.p2\pool\plugins\org.eclipse.m2e.maven.runtime_3.9.1100.20250811-2018\jars\maven-artifact-3.9.11.jar
2025-12-13 19:59:18,171 [Worker-100: Launching mavenrun-810c5a17-d030-4e7f-a416-b647f988e43f] INFO  o.eclipse.m2e.core.internal.Bundles - 	Entry: C:\Users\mateo\.p2\pool\plugins\org.eclipse.m2e.maven.runtime_3.9.1100.20250811-2018\jars\maven-builder-support-3.9.11.jar
2025-12-13 19:59:18,172 [Worker-100: Launching mavenrun-810c5a17-d030-4e7f-a416-b647f988e43f] INFO  o.eclipse.m2e.core.internal.Bundles - 	Entry: C:\Users\mateo\.p2\pool\plugins\org.eclipse.m2e.maven.runtime_3.9.1100.20250811-2018\jars\maven-compat-3.9.11.jar
2025-12-13 19:59:18,172 [Worker-100: Launching mavenrun-810c5a17-d030-4e7f-a416-b647f988e43f] INFO  o.eclipse.m2e.core.internal.Bundles - 	Entry: C:\Users\mateo\.p2\pool\plugins\org.eclipse.m2e.maven.runtime_3.9.1100.20250811-2018\jars\maven-core-3.9.11.jar
2025-12-13 19:59:18,172 [Worker-100: Launching mavenrun-810c5a17-d030-4e7f-a416-b647f988e43f] INFO  o.eclipse.m2e.core.internal.Bundles - 	Entry: C:\Users\mateo\.p2\pool\plugins\org.eclipse.m2e.maven.runtime_3.9.1100.20250811-2018\jars\maven-embedder-3.9.11.jar
2025-12-13 19:59:18,172 [Worker-100: Launching mavenrun-810c5a17-d030-4e7f-a416-b647f988e43f] INFO  o.eclipse.m2e.core.internal.Bundles - 	Entry: C:\Users\mateo\.p2\pool\plugins\org.eclipse.m2e.maven.runtime_3.9.1100.20250811-2018\jars\maven-model-3.9.11.jar
2025-12-13 19:59:18,172 [Worker-100: Launching mavenrun-810c5a17-d030-4e7f-a416-b647f988e43f] INFO  o.eclipse.m2e.core.internal.Bundles - 	Entry: C:\Users\mateo\.p2\pool\plugins\org.eclipse.m2e.maven.runtime_3.9.1100.20250811-2018\jars\maven-model-builder-3.9.11.jar
2025-12-13 19:59:18,172 [Worker-100: Launching mavenrun-810c5a17-d030-4e7f-a416-b647f988e43f] INFO  o.eclipse.m2e.core.internal.Bundles - 	Entry: C:\Users\mateo\.p2\pool\plugins\org.eclipse.m2e.maven.runtime_3.9.1100.20250811-2018\jars\maven-plugin-api-3.9.11.jar
2025-12-13 19:59:18,172 [Worker-100: Launching mavenrun-810c5a17-d030-4e7f-a416-b647f988e43f] INFO  o.eclipse.m2e.core.internal.Bundles - 	Entry: C:\Users\mateo\.p2\pool\plugins\org.eclipse.m2e.maven.runtime_3.9.1100.20250811-2018\jars\maven-repository-metadata-3.9.11.jar
2025-12-13 19:59:18,173 [Worker-100: Launching mavenrun-810c5a17-d030-4e7f-a416-b647f988e43f] INFO  o.eclipse.m2e.core.internal.Bundles - 	Entry: C:\Users\mateo\.p2\pool\plugins\org.eclipse.m2e.maven.runtime_3.9.1100.20250811-2018\jars\maven-resolver-api-1.9.24.jar
2025-12-13 19:59:18,173 [Worker-100: Launching mavenrun-810c5a17-d030-4e7f-a416-b647f988e43f] INFO  o.eclipse.m2e.core.internal.Bundles - 	Entry: C:\Users\mateo\.p2\pool\plugins\org.eclipse.m2e.maven.runtime_3.9.1100.20250811-2018\jars\maven-resolver-connector-basic-1.9.24.jar
2025-12-13 19:59:18,173 [Worker-100: Launching mavenrun-810c5a17-d030-4e7f-a416-b647f988e43f] INFO  o.eclipse.m2e.core.internal.Bundles - 	Entry: C:\Users\mateo\.p2\pool\plugins\org.eclipse.m2e.maven.runtime_3.9.1100.20250811-2018\jars\maven-resolver-impl-1.9.24.jar
2025-12-13 19:59:18,173 [Worker-100: Launching mavenrun-810c5a17-d030-4e7f-a416-b647f988e43f] INFO  o.eclipse.m2e.core.internal.Bundles - 	Entry: C:\Users\mateo\.p2\pool\plugins\org.eclipse.m2e.maven.runtime_3.9.1100.20250811-2018\jars\maven-resolver-named-locks-1.9.24.jar
2025-12-13 19:59:18,173 [Worker-100: Launching mavenrun-810c5a17-d030-4e7f-a416-b647f988e43f] INFO  o.eclipse.m2e.core.internal.Bundles - 	Entry: C:\Users\mateo\.p2\pool\plugins\org.eclipse.m2e.maven.runtime_3.9.1100.20250811-2018\jars\maven-resolver-provider-3.9.11.jar
2025-12-13 19:59:18,173 [Worker-100: Launching mavenrun-810c5a17-d030-4e7f-a416-b647f988e43f] INFO  o.eclipse.m2e.core.internal.Bundles - 	Entry: C:\Users\mateo\.p2\pool\plugins\org.eclipse.m2e.maven.runtime_3.9.1100.20250811-2018\jars\maven-resolver-spi-1.9.24.jar
2025-12-13 19:59:18,173 [Worker-100: Launching mavenrun-810c5a17-d030-4e7f-a416-b647f988e43f] INFO  o.eclipse.m2e.core.internal.Bundles - 	Entry: C:\Users\mateo\.p2\pool\plugins\org.eclipse.m2e.maven.runtime_3.9.1100.20250811-2018\jars\maven-resolver-transport-file-1.9.24.jar
2025-12-13 19:59:18,174 [Worker-100: Launching mavenrun-810c5a17-d030-4e7f-a416-b647f988e43f] INFO  o.eclipse.m2e.core.internal.Bundles - 	Entry: C:\Users\mateo\.p2\pool\plugins\org.eclipse.m2e.maven.runtime_3.9.1100.20250811-2018\jars\maven-resolver-transport-http-1.9.24.jar
2025-12-13 19:59:18,174 [Worker-100: Launching mavenrun-810c5a17-d030-4e7f-a416-b647f988e43f] INFO  o.eclipse.m2e.core.internal.Bundles - 	Entry: C:\Users\mateo\.p2\pool\plugins\org.eclipse.m2e.maven.runtime_3.9.1100.20250811-2018\jars\maven-resolver-transport-wagon-1.9.24.jar
2025-12-13 19:59:18,174 [Worker-100: Launching mavenrun-810c5a17-d030-4e7f-a416-b647f988e43f] INFO  o.eclipse.m2e.core.internal.Bundles - 	Entry: C:\Users\mateo\.p2\pool\plugins\org.eclipse.m2e.maven.runtime_3.9.1100.20250811-2018\jars\maven-resolver-util-1.9.24.jar
2025-12-13 19:59:18,174 [Worker-100: Launching mavenrun-810c5a17-d030-4e7f-a416-b647f988e43f] INFO  o.eclipse.m2e.core.internal.Bundles - 	Entry: C:\Users\mateo\.p2\pool\plugins\org.eclipse.m2e.maven.runtime_3.9.1100.20250811-2018\jars\maven-settings-3.9.11.jar
2025-12-13 19:59:18,174 [Worker-100: Launching mavenrun-810c5a17-d030-4e7f-a416-b647f988e43f] INFO  o.eclipse.m2e.core.internal.Bundles - 	Entry: C:\Users\mateo\.p2\pool\plugins\org.eclipse.m2e.maven.runtime_3.9.1100.20250811-2018\jars\maven-settings-builder-3.9.11.jar
2025-12-13 19:59:18,174 [Worker-100: Launching mavenrun-810c5a17-d030-4e7f-a416-b647f988e43f] INFO  o.eclipse.m2e.core.internal.Bundles - 	Entry: C:\Users\mateo\.p2\pool\plugins\org.eclipse.m2e.maven.runtime_3.9.1100.20250811-2018\jars\maven-shared-utils-3.4.2.jar
2025-12-13 19:59:18,174 [Worker-100: Launching mavenrun-810c5a17-d030-4e7f-a416-b647f988e43f] INFO  o.eclipse.m2e.core.internal.Bundles - 	Entry: C:\Users\mateo\.p2\pool\plugins\org.eclipse.m2e.maven.runtime_3.9.1100.20250811-2018\jars\org.eclipse.sisu.inject-0.9.0.M4.jar
2025-12-13 19:59:18,175 [Worker-100: Launching mavenrun-810c5a17-d030-4e7f-a416-b647f988e43f] INFO  o.eclipse.m2e.core.internal.Bundles - 	Entry: C:\Users\mateo\.p2\pool\plugins\org.eclipse.m2e.maven.runtime_3.9.1100.20250811-2018\jars\org.eclipse.sisu.plexus-0.9.0.M4.jar
2025-12-13 19:59:18,175 [Worker-100: Launching mavenrun-810c5a17-d030-4e7f-a416-b647f988e43f] INFO  o.eclipse.m2e.core.internal.Bundles - 	Entry: C:\Users\mateo\.p2\pool\plugins\org.eclipse.m2e.maven.runtime_3.9.1100.20250811-2018\jars\plexus-build-api-0.0.7.jar
2025-12-13 19:59:18,175 [Worker-100: Launching mavenrun-810c5a17-d030-4e7f-a416-b647f988e43f] INFO  o.eclipse.m2e.core.internal.Bundles - 	Entry: C:\Users\mateo\.p2\pool\plugins\org.eclipse.m2e.maven.runtime_3.9.1100.20250811-2018\jars\plexus-build-api-1.2.0.jar
2025-12-13 19:59:18,175 [Worker-100: Launching mavenrun-810c5a17-d030-4e7f-a416-b647f988e43f] INFO  o.eclipse.m2e.core.internal.Bundles - 	Entry: C:\Users\mateo\.p2\pool\plugins\org.eclipse.m2e.maven.runtime_3.9.1100.20250811-2018\jars\plexus-cipher-2.0.jar
2025-12-13 19:59:18,175 [Worker-100: Launching mavenrun-810c5a17-d030-4e7f-a416-b647f988e43f] INFO  o.eclipse.m2e.core.internal.Bundles - 	Entry: C:\Users\mateo\.p2\pool\plugins\org.eclipse.m2e.maven.runtime_3.9.1100.20250811-2018\jars\plexus-classworlds-2.9.0.jar
2025-12-13 19:59:18,175 [Worker-100: Launching mavenrun-810c5a17-d030-4e7f-a416-b647f988e43f] INFO  o.eclipse.m2e.core.internal.Bundles - 	Entry: C:\Users\mateo\.p2\pool\plugins\org.eclipse.m2e.maven.runtime_3.9.1100.20250811-2018\jars\plexus-component-annotations-2.2.0.jar
2025-12-13 19:59:18,176 [Worker-100: Launching mavenrun-810c5a17-d030-4e7f-a416-b647f988e43f] INFO  o.eclipse.m2e.core.internal.Bundles - 	Entry: C:\Users\mateo\.p2\pool\plugins\org.eclipse.m2e.maven.runtime_3.9.1100.20250811-2018\jars\plexus-interpolation-1.28.jar
2025-12-13 19:59:18,176 [Worker-100: Launching mavenrun-810c5a17-d030-4e7f-a416-b647f988e43f] INFO  o.eclipse.m2e.core.internal.Bundles - 	Entry: C:\Users\mateo\.p2\pool\plugins\org.eclipse.m2e.maven.runtime_3.9.1100.20250811-2018\jars\plexus-sec-dispatcher-2.0.jar
2025-12-13 19:59:18,176 [Worker-100: Launching mavenrun-810c5a17-d030-4e7f-a416-b647f988e43f] INFO  o.eclipse.m2e.core.internal.Bundles - 	Entry: C:\Users\mateo\.p2\pool\plugins\org.eclipse.m2e.maven.runtime_3.9.1100.20250811-2018\jars\plexus-utils-3.6.0.jar
2025-12-13 19:59:18,176 [Worker-100: Launching mavenrun-810c5a17-d030-4e7f-a416-b647f988e43f] INFO  o.eclipse.m2e.core.internal.Bundles - 	Entry: C:\Users\mateo\.p2\pool\plugins\org.eclipse.m2e.maven.runtime_3.9.1100.20250811-2018\jars\wagon-file-3.5.3.jar
2025-12-13 19:59:18,176 [Worker-100: Launching mavenrun-810c5a17-d030-4e7f-a416-b647f988e43f] INFO  o.eclipse.m2e.core.internal.Bundles - 	Entry: C:\Users\mateo\.p2\pool\plugins\org.eclipse.m2e.maven.runtime_3.9.1100.20250811-2018\jars\wagon-http-3.5.3.jar
2025-12-13 19:59:18,176 [Worker-100: Launching mavenrun-810c5a17-d030-4e7f-a416-b647f988e43f] INFO  o.eclipse.m2e.core.internal.Bundles - 	Entry: C:\Users\mateo\.p2\pool\plugins\org.eclipse.m2e.maven.runtime_3.9.1100.20250811-2018\jars\wagon-http-shared-3.5.3.jar
2025-12-13 19:59:18,176 [Worker-100: Launching mavenrun-810c5a17-d030-4e7f-a416-b647f988e43f] INFO  o.eclipse.m2e.core.internal.Bundles - 	Entry: C:\Users\mateo\.p2\pool\plugins\org.eclipse.m2e.maven.runtime_3.9.1100.20250811-2018\jars\wagon-provider-api-3.5.3.jar
2025-12-13 19:59:18,177 [Worker-100: Launching mavenrun-810c5a17-d030-4e7f-a416-b647f988e43f] INFO  o.eclipse.m2e.core.internal.Bundles - getClasspathEntries(Bundle=com.google.guava_33.5.0.jre [1014])
2025-12-13 19:59:18,177 [Worker-100: Launching mavenrun-810c5a17-d030-4e7f-a416-b647f988e43f] INFO  o.eclipse.m2e.core.internal.Bundles - 	Entry: C:\Users\mateo\.p2\pool\plugins\com.google.guava_33.5.0.jre.jar
2025-12-13 19:59:18,177 [Worker-100: Launching mavenrun-810c5a17-d030-4e7f-a416-b647f988e43f] INFO  o.eclipse.m2e.core.internal.Bundles - getClasspathEntries(Bundle=slf4j.api_2.0.17 [1004])
2025-12-13 19:59:18,177 [Worker-100: Launching mavenrun-810c5a17-d030-4e7f-a416-b647f988e43f] INFO  o.eclipse.m2e.core.internal.Bundles - 	Entry: C:\Users\mateo\.p2\pool\plugins\slf4j.api_2.0.17.jar
2025-12-13 19:59:18,177 [Worker-100: Launching mavenrun-810c5a17-d030-4e7f-a416-b647f988e43f] INFO  o.eclipse.m2e.core.internal.Bundles - getClasspathEntries(Bundle=jakarta.inject.jakarta.inject-api_1.0.5 [35])
2025-12-13 19:59:18,178 [Worker-100: Launching mavenrun-810c5a17-d030-4e7f-a416-b647f988e43f] INFO  o.eclipse.m2e.core.internal.Bundles - 	Entry: C:\Users\mateo\.p2\pool\plugins\jakarta.inject.jakarta.inject-api_1.0.5.jar
2025-12-13 19:59:18,178 [Worker-100: Launching mavenrun-810c5a17-d030-4e7f-a416-b647f988e43f] INFO  o.eclipse.m2e.core.internal.Bundles - getClasspathEntries(Bundle=jakarta.annotation-api_1.3.5 [31])
2025-12-13 19:59:18,178 [Worker-100: Launching mavenrun-810c5a17-d030-4e7f-a416-b647f988e43f] INFO  o.eclipse.m2e.core.internal.Bundles - 	Entry: C:\Users\mateo\.p2\pool\plugins\jakarta.annotation-api_1.3.5.jar
2025-12-13 19:59:18,178 [Worker-100: Launching mavenrun-810c5a17-d030-4e7f-a416-b647f988e43f] INFO  o.eclipse.m2e.core.internal.Bundles - getClasspathEntries(Bundle=org.apache.commons.cli_1.10.0 [75])
2025-12-13 19:59:18,178 [Worker-100: Launching mavenrun-810c5a17-d030-4e7f-a416-b647f988e43f] INFO  o.eclipse.m2e.core.internal.Bundles - 	Entry: C:\Users\mateo\.p2\pool\plugins\org.apache.commons.cli_1.10.0.jar
2025-12-13 19:59:18,178 [Worker-100: Launching mavenrun-810c5a17-d030-4e7f-a416-b647f988e43f] INFO  o.eclipse.m2e.core.internal.Bundles - getClasspathEntries(Bundle=org.apache.commons.commons-codec_1.20.0 [1042])
2025-12-13 19:59:18,178 [Worker-100: Launching mavenrun-810c5a17-d030-4e7f-a416-b647f988e43f] INFO  o.eclipse.m2e.core.internal.Bundles - 	Entry: C:\Users\mateo\.p2\pool\plugins\org.apache.commons.commons-codec_1.20.0.jar
2025-12-13 19:59:18,178 [Worker-100: Launching mavenrun-810c5a17-d030-4e7f-a416-b647f988e43f] INFO  o.eclipse.m2e.core.internal.Bundles - getClasspathEntries(Bundle=com.google.guava.failureaccess_1.0.3 [19])
2025-12-13 19:59:18,179 [Worker-100: Launching mavenrun-810c5a17-d030-4e7f-a416-b647f988e43f] INFO  o.eclipse.m2e.core.internal.Bundles - 	Entry: C:\Users\mateo\.p2\pool\plugins\com.google.guava.failureaccess_1.0.3.jar
2025-12-13 19:59:18,181 [Worker-100: Launching mavenrun-810c5a17-d030-4e7f-a416-b647f988e43f] INFO  o.e.m.i.launch.MavenLaunchDelegate - Run build in "C:\Users\mateo\AppData\Local\Temp\m2e-archetypeGenerator16871729115162178152":
2025-12-13 19:59:18,181 [Worker-100: Launching mavenrun-810c5a17-d030-4e7f-a416-b647f988e43f] INFO  o.e.m.i.launch.MavenLaunchDelegate -  mvn  -DjavaCompilerVersion=17 -DjunitVersion=5.11.0 -DarchetypeGroupId=org.apache.maven.archetypes -DarchetypeArtifactId=maven-archetype-quickstart -DarchetypeVersion=1.5 -DgroupId=com.krakedev -DartifactId=ejemplomaven -Dversion=0.0.1 -Dpackage=com.krakedev.ejemplomaven -DoutputDirectory="C:\Users\mateo\Documents\KRAKEV\MODULO 2\workspace_java" -Dstyle.color=always -U archetype:generate
2025-12-13 19:59:26,390 [Worker-99: Creating maven-archetype-quickstart] INFO  o.e.m.c.i.p.ProjectConfigurationManager - Collecting project info '/pom.xml' C:\Users\mateo\Documents\KRAKEV\MODULO 2\workspace_java\ejemplomaven\pom.xml
2025-12-13 19:59:26,696 [Worker-99: Creating maven-archetype-quickstart] INFO  o.e.m.c.i.e.AbstractTransferListenerAdapter - Downloading https://repo.maven.apache.org/maven2/org/junit/junit-bom/5.11.0/junit-bom-5.11.0.pom
2025-12-13 19:59:26,703 [Worker-99: Creating maven-archetype-quickstart] INFO  o.e.m.c.i.e.AbstractTransferListenerAdapter - Downloaded https://repo.maven.apache.org/maven2/org/junit/junit-bom/5.11.0/junit-bom-5.11.0.pom
2025-12-13 19:59:26,879 [Worker-99: Creating maven-archetype-quickstart] INFO  o.e.m.c.i.e.AbstractTransferListenerAdapter - Downloading https://repo.maven.apache.org/maven2/org/apache/maven/plugins/maven-clean-plugin/3.4.0/maven-clean-plugin-3.4.0.jar
2025-12-13 19:59:26,885 [Worker-99: Creating maven-archetype-quickstart] INFO  o.e.m.c.i.e.AbstractTransferListenerAdapter - Downloaded https://repo.maven.apache.org/maven2/org/apache/maven/plugins/maven-clean-plugin/3.4.0/maven-clean-plugin-3.4.0.jar
2025-12-13 19:59:26,997 [Worker-99: Creating maven-archetype-quickstart] INFO  o.e.m.c.i.e.AbstractTransferListenerAdapter - Downloading https://repo.maven.apache.org/maven2/org/apache/maven/plugins/maven-compiler-plugin/3.13.0/maven-compiler-plugin-3.13.0.jar
2025-12-13 19:59:27,072 [Worker-99: Creating maven-archetype-quickstart] INFO  o.e.m.c.i.e.AbstractTransferListenerAdapter - Downloaded https://repo.maven.apache.org/maven2/org/apache/maven/plugins/maven-compiler-plugin/3.13.0/maven-compiler-plugin-3.13.0.jar
2025-12-13 19:59:27,185 [Worker-99: Creating maven-archetype-quickstart] INFO  o.e.m.c.i.e.AbstractTransferListenerAdapter - Downloading https://repo.maven.apache.org/maven2/org/apache/maven/plugins/maven-surefire-plugin/3.3.0/maven-surefire-plugin-3.3.0.jar
2025-12-13 19:59:27,190 [Worker-99: Creating maven-archetype-quickstart] INFO  o.e.m.c.i.e.AbstractTransferListenerAdapter - Downloaded https://repo.maven.apache.org/maven2/org/apache/maven/plugins/maven-surefire-plugin/3.3.0/maven-surefire-plugin-3.3.0.jar
2025-12-13 19:59:27,295 [Worker-99: Creating maven-archetype-quickstart] INFO  o.e.m.c.i.e.AbstractTransferListenerAdapter - Downloading https://repo.maven.apache.org/maven2/org/apache/maven/plugins/maven-jar-plugin/3.4.2/maven-jar-plugin-3.4.2.jar
2025-12-13 19:59:27,301 [Worker-99: Creating maven-archetype-quickstart] INFO  o.e.m.c.i.e.AbstractTransferListenerAdapter - Downloaded https://repo.maven.apache.org/maven2/org/apache/maven/plugins/maven-jar-plugin/3.4.2/maven-jar-plugin-3.4.2.jar
2025-12-13 19:59:27,426 [Worker-99: Creating maven-archetype-quickstart] INFO  o.e.m.c.i.e.AbstractTransferListenerAdapter - Downloading https://repo.maven.apache.org/maven2/org/apache/maven/plugins/maven-compiler-plugin/3.13.0/maven-compiler-plugin-3.13.0.pom
2025-12-13 19:59:27,432 [Worker-99: Creating maven-archetype-quickstart] INFO  o.e.m.c.i.e.AbstractTransferListenerAdapter - Downloaded https://repo.maven.apache.org/maven2/org/apache/maven/plugins/maven-compiler-plugin/3.13.0/maven-compiler-plugin-3.13.0.pom
2025-12-13 19:59:27,648 [Worker-99: Creating maven-archetype-quickstart] INFO  o.e.m.c.i.e.AbstractTransferListenerAdapter - Downloading https://repo.maven.apache.org/maven2/org/codehaus/plexus/plexus-compiler-api/2.15.0/plexus-compiler-api-2.15.0.pom
2025-12-13 19:59:27,651 [Worker-99: Creating maven-archetype-quickstart] INFO  o.e.m.c.i.e.AbstractTransferListenerAdapter - Downloaded https://repo.maven.apache.org/maven2/org/codehaus/plexus/plexus-compiler-api/2.15.0/plexus-compiler-api-2.15.0.pom
2025-12-13 19:59:27,754 [Worker-99: Creating maven-archetype-quickstart] INFO  o.e.m.c.i.e.AbstractTransferListenerAdapter - Downloading https://repo.maven.apache.org/maven2/org/codehaus/plexus/plexus-compiler/2.15.0/plexus-compiler-2.15.0.pom
2025-12-13 19:59:27,759 [Worker-99: Creating maven-archetype-quickstart] INFO  o.e.m.c.i.e.AbstractTransferListenerAdapter - Downloaded https://repo.maven.apache.org/maven2/org/codehaus/plexus/plexus-compiler/2.15.0/plexus-compiler-2.15.0.pom
2025-12-13 19:59:27,883 [Worker-99: Creating maven-archetype-quickstart] INFO  o.e.m.c.i.e.AbstractTransferListenerAdapter - Downloading https://repo.maven.apache.org/maven2/org/codehaus/plexus/plexus-compiler-manager/2.15.0/plexus-compiler-manager-2.15.0.pom
2025-12-13 19:59:27,887 [Worker-99: Creating maven-archetype-quickstart] INFO  o.e.m.c.i.e.AbstractTransferListenerAdapter - Downloaded https://repo.maven.apache.org/maven2/org/codehaus/plexus/plexus-compiler-manager/2.15.0/plexus-compiler-manager-2.15.0.pom
2025-12-13 19:59:28,009 [Worker-99: Creating maven-archetype-quickstart] INFO  o.e.m.c.i.e.AbstractTransferListenerAdapter - Downloading https://repo.maven.apache.org/maven2/org/codehaus/plexus/plexus-compiler-javac/2.15.0/plexus-compiler-javac-2.15.0.pom
2025-12-13 19:59:28,014 [Worker-99: Creating maven-archetype-quickstart] INFO  o.e.m.c.i.e.AbstractTransferListenerAdapter - Downloaded https://repo.maven.apache.org/maven2/org/codehaus/plexus/plexus-compiler-javac/2.15.0/plexus-compiler-javac-2.15.0.pom
2025-12-13 19:59:28,112 [Worker-99: Creating maven-archetype-quickstart] INFO  o.e.m.c.i.e.AbstractTransferListenerAdapter - Downloading https://repo.maven.apache.org/maven2/org/codehaus/plexus/plexus-compilers/2.15.0/plexus-compilers-2.15.0.pom
2025-12-13 19:59:28,116 [Worker-99: Creating maven-archetype-quickstart] INFO  o.e.m.c.i.e.AbstractTransferListenerAdapter - Downloaded https://repo.maven.apache.org/maven2/org/codehaus/plexus/plexus-compilers/2.15.0/plexus-compilers-2.15.0.pom
2025-12-13 19:59:28,247 [Worker-99: Creating maven-archetype-quickstart] INFO  o.e.m.c.i.e.AbstractTransferListenerAdapter - Downloading https://repo.maven.apache.org/maven2/org/codehaus/plexus/plexus-compiler-api/2.15.0/plexus-compiler-api-2.15.0.jar
2025-12-13 19:59:28,252 [Worker-99: Creating maven-archetype-quickstart] INFO  o.e.m.c.i.e.AbstractTransferListenerAdapter - Downloaded https://repo.maven.apache.org/maven2/org/codehaus/plexus/plexus-compiler-api/2.15.0/plexus-compiler-api-2.15.0.jar
2025-12-13 19:59:28,355 [BasicRepositoryConnector-repo.maven.apache.org-0-0] INFO  o.e.m.c.i.e.AbstractTransferListenerAdapter - Downloading https://repo.maven.apache.org/maven2/org/codehaus/plexus/plexus-compiler-manager/2.15.0/plexus-compiler-manager-2.15.0.jar
2025-12-13 19:59:28,359 [BasicRepositoryConnector-repo.maven.apache.org-0-0] INFO  o.e.m.c.i.e.AbstractTransferListenerAdapter - Downloaded https://repo.maven.apache.org/maven2/org/codehaus/plexus/plexus-compiler-manager/2.15.0/plexus-compiler-manager-2.15.0.jar
2025-12-13 19:59:28,492 [BasicRepositoryConnector-repo.maven.apache.org-0-2] INFO  o.e.m.c.i.e.AbstractTransferListenerAdapter - Downloading https://repo.maven.apache.org/maven2/org/codehaus/plexus/plexus-utils/4.0.0/plexus-utils-4.0.0.jar
2025-12-13 19:59:28,497 [BasicRepositoryConnector-repo.maven.apache.org-0-1] INFO  o.e.m.c.i.e.AbstractTransferListenerAdapter - Downloading https://repo.maven.apache.org/maven2/org/codehaus/plexus/plexus-compiler-javac/2.15.0/plexus-compiler-javac-2.15.0.jar
2025-12-13 19:59:28,503 [BasicRepositoryConnector-repo.maven.apache.org-0-1] INFO  o.e.m.c.i.e.AbstractTransferListenerAdapter - Downloaded https://repo.maven.apache.org/maven2/org/codehaus/plexus/plexus-compiler-javac/2.15.0/plexus-compiler-javac-2.15.0.jar
2025-12-13 19:59:28,572 [BasicRepositoryConnector-repo.maven.apache.org-0-2] INFO  o.e.m.c.i.e.AbstractTransferListenerAdapter - Downloaded https://repo.maven.apache.org/maven2/org/codehaus/plexus/plexus-utils/4.0.0/plexus-utils-4.0.0.jar
2025-12-13 19:59:28,686 [Worker-99: Creating maven-archetype-quickstart] INFO  o.e.m.c.i.l.LifecycleMappingFactory - Using org.eclipse.m2e.jdt.JarLifecycleMapping lifecycle mapping for MavenProject: com.krakedev:ejemplomaven:0.0.1 @ C:\Users\mateo\Documents\KRAKEV\MODULO 2\workspace_java\ejemplomaven\pom.xml.
2025-12-13 19:59:28,798 [Worker-99: Creating maven-archetype-quickstart] INFO  o.e.m.c.i.e.AbstractTransferListenerAdapter - Downloading https://repo.maven.apache.org/maven2/org/junit/jupiter/junit-jupiter-api/5.11.0/junit-jupiter-api-5.11.0.pom
2025-12-13 19:59:28,802 [Worker-99: Creating maven-archetype-quickstart] INFO  o.e.m.c.i.e.AbstractTransferListenerAdapter - Downloaded https://repo.maven.apache.org/maven2/org/junit/jupiter/junit-jupiter-api/5.11.0/junit-jupiter-api-5.11.0.pom
2025-12-13 19:59:28,905 [Worker-99: Creating maven-archetype-quickstart] INFO  o.e.m.c.i.e.AbstractTransferListenerAdapter - Downloading https://repo.maven.apache.org/maven2/org/opentest4j/opentest4j/1.3.0/opentest4j-1.3.0.pom
2025-12-13 19:59:28,909 [Worker-99: Creating maven-archetype-quickstart] INFO  o.e.m.c.i.e.AbstractTransferListenerAdapter - Downloaded https://repo.maven.apache.org/maven2/org/opentest4j/opentest4j/1.3.0/opentest4j-1.3.0.pom
2025-12-13 19:59:29,009 [Worker-99: Creating maven-archetype-quickstart] INFO  o.e.m.c.i.e.AbstractTransferListenerAdapter - Downloading https://repo.maven.apache.org/maven2/org/junit/platform/junit-platform-commons/1.11.0/junit-platform-commons-1.11.0.pom
2025-12-13 19:59:29,013 [Worker-99: Creating maven-archetype-quickstart] INFO  o.e.m.c.i.e.AbstractTransferListenerAdapter - Downloaded https://repo.maven.apache.org/maven2/org/junit/platform/junit-platform-commons/1.11.0/junit-platform-commons-1.11.0.pom
2025-12-13 19:59:29,111 [Worker-99: Creating maven-archetype-quickstart] INFO  o.e.m.c.i.e.AbstractTransferListenerAdapter - Downloading https://repo.maven.apache.org/maven2/org/junit/jupiter/junit-jupiter-params/5.11.0/junit-jupiter-params-5.11.0.pom
2025-12-13 19:59:29,116 [Worker-99: Creating maven-archetype-quickstart] INFO  o.e.m.c.i.e.AbstractTransferListenerAdapter - Downloaded https://repo.maven.apache.org/maven2/org/junit/jupiter/junit-jupiter-params/5.11.0/junit-jupiter-params-5.11.0.pom
2025-12-13 19:59:29,219 [Worker-99: Creating maven-archetype-quickstart] INFO  o.e.m.c.i.e.AbstractTransferListenerAdapter - Downloading https://repo.maven.apache.org/maven2/org/junit/jupiter/junit-jupiter-api/5.11.0/junit-jupiter-api-5.11.0.jar
2025-12-13 19:59:29,236 [Worker-99: Creating maven-archetype-quickstart] INFO  o.e.m.c.i.e.AbstractTransferListenerAdapter - Downloaded https://repo.maven.apache.org/maven2/org/junit/jupiter/junit-jupiter-api/5.11.0/junit-jupiter-api-5.11.0.jar
2025-12-13 19:59:29,334 [BasicRepositoryConnector-repo.maven.apache.org-1-0] INFO  o.e.m.c.i.e.AbstractTransferListenerAdapter - Downloading https://repo.maven.apache.org/maven2/org/opentest4j/opentest4j/1.3.0/opentest4j-1.3.0.jar
2025-12-13 19:59:29,338 [BasicRepositoryConnector-repo.maven.apache.org-1-0] INFO  o.e.m.c.i.e.AbstractTransferListenerAdapter - Downloaded https://repo.maven.apache.org/maven2/org/opentest4j/opentest4j/1.3.0/opentest4j-1.3.0.jar
2025-12-13 19:59:29,342 [BasicRepositoryConnector-repo.maven.apache.org-1-1] INFO  o.e.m.c.i.e.AbstractTransferListenerAdapter - Downloading https://repo.maven.apache.org/maven2/org/junit/platform/junit-platform-commons/1.11.0/junit-platform-commons-1.11.0.jar
2025-12-13 19:59:29,342 [BasicRepositoryConnector-repo.maven.apache.org-1-2] INFO  o.e.m.c.i.e.AbstractTransferListenerAdapter - Downloading https://repo.maven.apache.org/maven2/org/junit/jupiter/junit-jupiter-params/5.11.0/junit-jupiter-params-5.11.0.jar
2025-12-13 19:59:29,354 [BasicRepositoryConnector-repo.maven.apache.org-1-1] INFO  o.e.m.c.i.e.AbstractTransferListenerAdapter - Downloaded https://repo.maven.apache.org/maven2/org/junit/platform/junit-platform-commons/1.11.0/junit-platform-commons-1.11.0.jar
2025-12-13 19:59:29,504 [BasicRepositoryConnector-repo.maven.apache.org-1-2] INFO  o.e.m.c.i.e.AbstractTransferListenerAdapter - Downloaded https://repo.maven.apache.org/maven2/org/junit/jupiter/junit-jupiter-params/5.11.0/junit-jupiter-params-5.11.0.jar
2025-12-13 19:59:29,645 [Worker-99: Creating maven-archetype-quickstart] INFO  o.e.m.c.i.e.AbstractTransferListenerAdapter - Downloading https://repo.maven.apache.org/maven2/org/apache/maven/plugins/maven-surefire-plugin/3.3.0/maven-surefire-plugin-3.3.0.pom
2025-12-13 19:59:29,648 [Worker-99: Creating maven-archetype-quickstart] INFO  o.e.m.c.i.e.AbstractTransferListenerAdapter - Downloaded https://repo.maven.apache.org/maven2/org/apache/maven/plugins/maven-surefire-plugin/3.3.0/maven-surefire-plugin-3.3.0.pom
2025-12-13 19:59:29,764 [Worker-99: Creating maven-archetype-quickstart] INFO  o.e.m.c.i.e.AbstractTransferListenerAdapter - Downloading https://repo.maven.apache.org/maven2/org/apache/maven/surefire/surefire/3.3.0/surefire-3.3.0.pom
2025-12-13 19:59:29,770 [Worker-99: Creating maven-archetype-quickstart] INFO  o.e.m.c.i.e.AbstractTransferListenerAdapter - Downloaded https://repo.maven.apache.org/maven2/org/apache/maven/surefire/surefire/3.3.0/surefire-3.3.0.pom
2025-12-13 19:59:29,889 [Worker-99: Creating maven-archetype-quickstart] INFO  o.e.m.c.i.e.AbstractTransferListenerAdapter - Downloading https://repo.maven.apache.org/maven2/org/apache/maven/plugins/maven-jar-plugin/3.4.2/maven-jar-plugin-3.4.2.pom
2025-12-13 19:59:29,893 [Worker-99: Creating maven-archetype-quickstart] INFO  o.e.m.c.i.e.AbstractTransferListenerAdapter - Downloaded https://repo.maven.apache.org/maven2/org/apache/maven/plugins/maven-jar-plugin/3.4.2/maven-jar-plugin-3.4.2.pom
2025-12-13 19:59:30,362 [Worker-99: Creating maven-archetype-quickstart] INFO  o.e.m.j.i.AbstractJavaProjectConfigurator - Adding source folder /ejemplomaven/src/main/java
2025-12-13 19:59:30,364 [Worker-99: Creating maven-archetype-quickstart] INFO  o.e.m.j.i.AbstractJavaProjectConfigurator - Adding resource folder /ejemplomaven/src/main/resources
2025-12-13 19:59:30,369 [Worker-99: Creating maven-archetype-quickstart] INFO  o.e.m.j.i.AbstractJavaProjectConfigurator - Adding source folder /ejemplomaven/src/test/java
2025-12-13 19:59:30,371 [Worker-99: Creating maven-archetype-quickstart] INFO  o.e.m.j.i.AbstractJavaProjectConfigurator - Adding resource folder /ejemplomaven/src/test/resources
2025-12-13 19:59:30,444 [Worker-99: Creating maven-archetype-quickstart] WARN  o.apache.maven.project.MavenProject - Direct modification of compileSourceRoots through clear() is deprecated and will not work in Maven 4.0.0. Please use the add/remove methods instead. If you're using a plugin that causes this warning, please upgrade to the latest version and report an issue if the warning persists. To disable these warnings, set -Dmaven.project.sourceRoots.warningsDisabled=true on the command line, in the .mvn/maven.config file, or in project POM properties.
2025-12-13 19:59:30,444 [Worker-99: Creating maven-archetype-quickstart] WARN  o.apache.maven.project.MavenProject - Direct modification of compileSourceRoots through add() is deprecated and will not work in Maven 4.0.0. Please use the add/remove methods instead. If you're using a plugin that causes this warning, please upgrade to the latest version and report an issue if the warning persists. To disable these warnings, set -Dmaven.project.sourceRoots.warningsDisabled=true on the command line, in the .mvn/maven.config file, or in project POM properties.
2025-12-13 19:59:30,445 [Worker-99: Creating maven-archetype-quickstart] WARN  o.apache.maven.project.MavenProject - Direct modification of testCompileSourceRoots through clear() is deprecated and will not work in Maven 4.0.0. Please use the add/remove methods instead. If you're using a plugin that causes this warning, please upgrade to the latest version and report an issue if the warning persists. To disable these warnings, set -Dmaven.project.sourceRoots.warningsDisabled=true on the command line, in the .mvn/maven.config file, or in project POM properties.
2025-12-13 19:59:30,446 [Worker-99: Creating maven-archetype-quickstart] WARN  o.apache.maven.project.MavenProject - Direct modification of testCompileSourceRoots through add() is deprecated and will not work in Maven 4.0.0. Please use the add/remove methods instead. If you're using a plugin that causes this warning, please upgrade to the latest version and report an issue if the warning persists. To disable these warnings, set -Dmaven.project.sourceRoots.warningsDisabled=true on the command line, in the .mvn/maven.config file, or in project POM properties.
2025-12-13 19:59:30,462 [Worker-99: Creating maven-archetype-quickstart] INFO  o.e.m.c.i.p.ProjectConfigurationManager - Imported and configured 1 project(s) in 4 sec
2025-12-13 19:59:30,992 [Worker-100: Building] INFO  o.a.m.s.f.DefaultMavenResourcesFiltering - skip non existing resourceDirectory C:\Users\mateo\Documents\KRAKEV\MODULO 2\workspace_java\ejemplomaven\src\main\resources
2025-12-13 19:59:30,998 [Worker-100: Building] INFO  o.a.m.s.f.DefaultMavenResourcesFiltering - skip non existing resourceDirectory C:\Users\mateo\Documents\KRAKEV\MODULO 2\workspace_java\ejemplomaven\src\test\resources
2025-12-13 19:59:31,457 [Worker-100: Building] WARN  o.apache.maven.project.MavenProject - Direct modification of compileSourceRoots through clear() is deprecated and will not work in Maven 4.0.0. Please use the add/remove methods instead. If you're using a plugin that causes this warning, please upgrade to the latest version and report an issue if the warning persists. To disable these warnings, set -Dmaven.project.sourceRoots.warningsDisabled=true on the command line, in the .mvn/maven.config file, or in project POM properties.
2025-12-13 19:59:31,458 [Worker-100: Building] WARN  o.apache.maven.project.MavenProject - Direct modification of compileSourceRoots through add() is deprecated and will not work in Maven 4.0.0. Please use the add/remove methods instead. If you're using a plugin that causes this warning, please upgrade to the latest version and report an issue if the warning persists. To disable these warnings, set -Dmaven.project.sourceRoots.warningsDisabled=true on the command line, in the .mvn/maven.config file, or in project POM properties.
2025-12-13 19:59:31,459 [Worker-100: Building] WARN  o.apache.maven.project.MavenProject - Direct modification of testCompileSourceRoots through clear() is deprecated and will not work in Maven 4.0.0. Please use the add/remove methods instead. If you're using a plugin that causes this warning, please upgrade to the latest version and report an issue if the warning persists. To disable these warnings, set -Dmaven.project.sourceRoots.warningsDisabled=true on the command line, in the .mvn/maven.config file, or in project POM properties.
2025-12-13 19:59:31,461 [Worker-100: Building] WARN  o.apache.maven.project.MavenProject - Direct modification of testCompileSourceRoots through add() is deprecated and will not work in Maven 4.0.0. Please use the add/remove methods instead. If you're using a plugin that causes this warning, please upgrade to the latest version and report an issue if the warning persists. To disable these warnings, set -Dmaven.project.sourceRoots.warningsDisabled=true on the command line, in the .mvn/maven.config file, or in project POM properties.
2025-12-13 19:59:31,508 [Worker-107: Download sources and javadoc] INFO  o.e.m.c.i.e.AbstractTransferListenerAdapter - Downloading https://repo.maven.apache.org/maven2/org/junit/jupiter/junit-jupiter-api/5.11.0/junit-jupiter-api-5.11.0-sources.jar
2025-12-13 19:59:31,654 [Worker-107: Download sources and javadoc] INFO  o.e.m.c.i.e.AbstractTransferListenerAdapter - Downloaded https://repo.maven.apache.org/maven2/org/junit/jupiter/junit-jupiter-api/5.11.0/junit-jupiter-api-5.11.0-sources.jar
2025-12-13 19:59:31,658 [Worker-107: Download sources and javadoc] INFO  o.e.m.j.internal.DownloadSourcesJob - Downloaded sources for org.junit.jupiter:junit-jupiter-api:5.11.0
2025-12-13 19:59:31,900 [Worker-107: Download sources and javadoc] INFO  o.e.m.c.i.e.AbstractTransferListenerAdapter - Downloading https://repo.maven.apache.org/maven2/org/opentest4j/opentest4j/1.3.0/opentest4j-1.3.0-sources.jar
2025-12-13 19:59:31,906 [Worker-107: Download sources and javadoc] INFO  o.e.m.c.i.e.AbstractTransferListenerAdapter - Downloaded https://repo.maven.apache.org/maven2/org/opentest4j/opentest4j/1.3.0/opentest4j-1.3.0-sources.jar
2025-12-13 19:59:31,910 [Worker-107: Download sources and javadoc] INFO  o.e.m.j.internal.DownloadSourcesJob - Downloaded sources for org.opentest4j:opentest4j:1.3.0
2025-12-13 19:59:32,162 [Worker-107: Download sources and javadoc] INFO  o.e.m.c.i.e.AbstractTransferListenerAdapter - Downloading https://repo.maven.apache.org/maven2/org/junit/platform/junit-platform-commons/1.11.0/junit-platform-commons-1.11.0-sources.jar
2025-12-13 19:59:32,233 [Worker-107: Download sources and javadoc] INFO  o.e.m.c.i.e.AbstractTransferListenerAdapter - Downloaded https://repo.maven.apache.org/maven2/org/junit/platform/junit-platform-commons/1.11.0/junit-platform-commons-1.11.0-sources.jar
2025-12-13 19:59:32,236 [Worker-107: Download sources and javadoc] INFO  o.e.m.j.internal.DownloadSourcesJob - Downloaded sources for org.junit.platform:junit-platform-commons:1.11.0
2025-12-13 19:59:32,490 [Worker-107: Download sources and javadoc] INFO  o.e.m.c.i.e.AbstractTransferListenerAdapter - Downloading https://repo.maven.apache.org/maven2/org/apiguardian/apiguardian-api/1.1.2/apiguardian-api-1.1.2-sources.jar
2025-12-13 19:59:32,493 [Worker-107: Download sources and javadoc] INFO  o.e.m.c.i.e.AbstractTransferListenerAdapter - Downloaded https://repo.maven.apache.org/maven2/org/apiguardian/apiguardian-api/1.1.2/apiguardian-api-1.1.2-sources.jar
2025-12-13 19:59:32,497 [Worker-107: Download sources and javadoc] INFO  o.e.m.j.internal.DownloadSourcesJob - Downloaded sources for org.apiguardian:apiguardian-api:1.1.2
2025-12-13 19:59:32,748 [Worker-107: Download sources and javadoc] INFO  o.e.m.c.i.e.AbstractTransferListenerAdapter - Downloading https://repo.maven.apache.org/maven2/org/junit/jupiter/junit-jupiter-params/5.11.0/junit-jupiter-params-5.11.0-sources.jar
2025-12-13 19:59:32,821 [Worker-107: Download sources and javadoc] INFO  o.e.m.c.i.e.AbstractTransferListenerAdapter - Downloaded https://repo.maven.apache.org/maven2/org/junit/jupiter/junit-jupiter-params/5.11.0/junit-jupiter-params-5.11.0-sources.jar
2025-12-13 19:59:32,824 [Worker-107: Download sources and javadoc] INFO  o.e.m.j.internal.DownloadSourcesJob - Downloaded sources for org.junit.jupiter:junit-jupiter-params:5.11.0
2025-12-13 20:10:16,780 [Worker-115: Building] INFO  o.e.m.c.i.l.LifecycleMappingFactory - Using org.eclipse.m2e.jdt.JarLifecycleMapping lifecycle mapping for MavenProject: com.krakedev:ejemplomaven:0.0.1 @ C:\Users\mateo\Documents\KRAKEV\MODULO 2\workspace_java\ejemplomaven\pom.xml.
2025-12-13 20:10:17,027 [Worker-115: Building] INFO  o.e.m.c.i.e.AbstractTransferListenerAdapter - Downloading https://repo.maven.apache.org/maven2/org/apache/logging/log4j/log4j-api/2.3.2/log4j-api-2.3.2.pom
2025-12-13 20:10:17,033 [Worker-115: Building] INFO  o.e.m.c.i.e.AbstractTransferListenerAdapter - Downloaded https://repo.maven.apache.org/maven2/org/apache/logging/log4j/log4j-api/2.3.2/log4j-api-2.3.2.pom
2025-12-13 20:10:17,134 [Worker-115: Building] INFO  o.e.m.c.i.e.AbstractTransferListenerAdapter - Downloading https://repo.maven.apache.org/maven2/org/apache/logging/log4j/log4j/2.3.2/log4j-2.3.2.pom
2025-12-13 20:10:17,139 [Worker-115: Building] INFO  o.e.m.c.i.e.AbstractTransferListenerAdapter - Downloaded https://repo.maven.apache.org/maven2/org/apache/logging/log4j/log4j/2.3.2/log4j-2.3.2.pom
2025-12-13 20:10:17,236 [Worker-115: Building] INFO  o.e.m.c.i.e.AbstractTransferListenerAdapter - Downloading https://repo.maven.apache.org/maven2/org/apache/apache/9/apache-9.pom
2025-12-13 20:10:17,241 [Worker-115: Building] INFO  o.e.m.c.i.e.AbstractTransferListenerAdapter - Downloaded https://repo.maven.apache.org/maven2/org/apache/apache/9/apache-9.pom
2025-12-13 20:10:17,337 [Worker-115: Building] INFO  o.e.m.c.i.e.AbstractTransferListenerAdapter - Downloading https://repo.maven.apache.org/maven2/org/apache/logging/log4j/log4j-core/2.3.2/log4j-core-2.3.2.pom
2025-12-13 20:10:17,342 [Worker-115: Building] INFO  o.e.m.c.i.e.AbstractTransferListenerAdapter - Downloaded https://repo.maven.apache.org/maven2/org/apache/logging/log4j/log4j-core/2.3.2/log4j-core-2.3.2.pom
2025-12-13 20:10:17,471 [Worker-115: Building] INFO  o.e.m.c.i.e.AbstractTransferListenerAdapter - Downloading https://repo.maven.apache.org/maven2/org/apache/logging/log4j/log4j-api/2.3.2/log4j-api-2.3.2.jar
2025-12-13 20:10:17,611 [Worker-115: Building] INFO  o.e.m.c.i.e.AbstractTransferListenerAdapter - Downloaded https://repo.maven.apache.org/maven2/org/apache/logging/log4j/log4j-api/2.3.2/log4j-api-2.3.2.jar
2025-12-13 20:10:17,723 [BasicRepositoryConnector-repo.maven.apache.org-2-0] INFO  o.e.m.c.i.e.AbstractTransferListenerAdapter - Downloading https://repo.maven.apache.org/maven2/org/apache/logging/log4j/log4j-core/2.3.2/log4j-core-2.3.2.jar
2025-12-13 20:10:17,949 [BasicRepositoryConnector-repo.maven.apache.org-2-0] INFO  o.e.m.c.i.e.AbstractTransferListenerAdapter - Downloaded https://repo.maven.apache.org/maven2/org/apache/logging/log4j/log4j-core/2.3.2/log4j-core-2.3.2.jar
2025-12-13 20:10:18,087 [Worker-115: Building] INFO  o.a.m.s.f.DefaultMavenResourcesFiltering - skip non existing resourceDirectory C:\Users\mateo\Documents\KRAKEV\MODULO 2\workspace_java\ejemplomaven\src\main\resources
2025-12-13 20:10:18,090 [Worker-115: Building] INFO  o.a.m.s.f.DefaultMavenResourcesFiltering - skip non existing resourceDirectory C:\Users\mateo\Documents\KRAKEV\MODULO 2\workspace_java\ejemplomaven\src\test\resources
2025-12-13 20:10:18,101 [Worker-115: Building] WARN  o.apache.maven.project.MavenProject - Direct modification of compileSourceRoots through clear() is deprecated and will not work in Maven 4.0.0. Please use the add/remove methods instead. If you're using a plugin that causes this warning, please upgrade to the latest version and report an issue if the warning persists. To disable these warnings, set -Dmaven.project.sourceRoots.warningsDisabled=true on the command line, in the .mvn/maven.config file, or in project POM properties.
2025-12-13 20:10:18,102 [Worker-115: Building] WARN  o.apache.maven.project.MavenProject - Direct modification of compileSourceRoots through add() is deprecated and will not work in Maven 4.0.0. Please use the add/remove methods instead. If you're using a plugin that causes this warning, please upgrade to the latest version and report an issue if the warning persists. To disable these warnings, set -Dmaven.project.sourceRoots.warningsDisabled=true on the command line, in the .mvn/maven.config file, or in project POM properties.
2025-12-13 20:10:18,103 [Worker-115: Building] WARN  o.apache.maven.project.MavenProject - Direct modification of testCompileSourceRoots through clear() is deprecated and will not work in Maven 4.0.0. Please use the add/remove methods instead. If you're using a plugin that causes this warning, please upgrade to the latest version and report an issue if the warning persists. To disable these warnings, set -Dmaven.project.sourceRoots.warningsDisabled=true on the command line, in the .mvn/maven.config file, or in project POM properties.
2025-12-13 20:10:18,103 [Worker-115: Building] WARN  o.apache.maven.project.MavenProject - Direct modification of testCompileSourceRoots through add() is deprecated and will not work in Maven 4.0.0. Please use the add/remove methods instead. If you're using a plugin that causes this warning, please upgrade to the latest version and report an issue if the warning persists. To disable these warnings, set -Dmaven.project.sourceRoots.warningsDisabled=true on the command line, in the .mvn/maven.config file, or in project POM properties.
2025-12-13 20:10:19,250 [Worker-117: Building] INFO  o.a.m.s.f.DefaultMavenResourcesFiltering - skip non existing resourceDirectory C:\Users\mateo\Documents\KRAKEV\MODULO 2\workspace_java\ejemplomaven\src\main\resources
2025-12-13 20:10:19,253 [Worker-117: Building] INFO  o.a.m.s.f.DefaultMavenResourcesFiltering - skip non existing resourceDirectory C:\Users\mateo\Documents\KRAKEV\MODULO 2\workspace_java\ejemplomaven\src\test\resources
2025-12-13 20:10:19,263 [Worker-117: Building] WARN  o.apache.maven.project.MavenProject - Direct modification of compileSourceRoots through clear() is deprecated and will not work in Maven 4.0.0. Please use the add/remove methods instead. If you're using a plugin that causes this warning, please upgrade to the latest version and report an issue if the warning persists. To disable these warnings, set -Dmaven.project.sourceRoots.warningsDisabled=true on the command line, in the .mvn/maven.config file, or in project POM properties.
2025-12-13 20:10:19,264 [Worker-117: Building] WARN  o.apache.maven.project.MavenProject - Direct modification of compileSourceRoots through add() is deprecated and will not work in Maven 4.0.0. Please use the add/remove methods instead. If you're using a plugin that causes this warning, please upgrade to the latest version and report an issue if the warning persists. To disable these warnings, set -Dmaven.project.sourceRoots.warningsDisabled=true on the command line, in the .mvn/maven.config file, or in project POM properties.
2025-12-13 20:10:19,264 [Worker-117: Building] WARN  o.apache.maven.project.MavenProject - Direct modification of testCompileSourceRoots through clear() is deprecated and will not work in Maven 4.0.0. Please use the add/remove methods instead. If you're using a plugin that causes this warning, please upgrade to the latest version and report an issue if the warning persists. To disable these warnings, set -Dmaven.project.sourceRoots.warningsDisabled=true on the command line, in the .mvn/maven.config file, or in project POM properties.
2025-12-13 20:10:19,265 [Worker-117: Building] WARN  o.apache.maven.project.MavenProject - Direct modification of testCompileSourceRoots through add() is deprecated and will not work in Maven 4.0.0. Please use the add/remove methods instead. If you're using a plugin that causes this warning, please upgrade to the latest version and report an issue if the warning persists. To disable these warnings, set -Dmaven.project.sourceRoots.warningsDisabled=true on the command line, in the .mvn/maven.config file, or in project POM properties.
2025-12-13 20:10:19,291 [Worker-110: Download sources and javadoc] INFO  o.e.m.c.i.e.AbstractTransferListenerAdapter - Downloading https://repo.maven.apache.org/maven2/org/apache/logging/log4j/log4j-api/2.3.2/log4j-api-2.3.2-sources.jar
2025-12-13 20:10:19,431 [Worker-110: Download sources and javadoc] INFO  o.e.m.c.i.e.AbstractTransferListenerAdapter - Downloaded https://repo.maven.apache.org/maven2/org/apache/logging/log4j/log4j-api/2.3.2/log4j-api-2.3.2-sources.jar
2025-12-13 20:10:19,435 [Worker-110: Download sources and javadoc] INFO  o.e.m.j.internal.DownloadSourcesJob - Downloaded sources for org.apache.logging.log4j:log4j-api:2.3.2
2025-12-13 20:10:19,809 [Worker-110: Download sources and javadoc] INFO  o.e.m.c.i.e.AbstractTransferListenerAdapter - Downloading https://repo.maven.apache.org/maven2/org/apache/logging/log4j/log4j-core/2.3.2/log4j-core-2.3.2-sources.jar
2025-12-13 20:10:20,103 [Worker-110: Download sources and javadoc] INFO  o.e.m.c.i.e.AbstractTransferListenerAdapter - Downloaded https://repo.maven.apache.org/maven2/org/apache/logging/log4j/log4j-core/2.3.2/log4j-core-2.3.2-sources.jar
2025-12-13 20:10:20,106 [Worker-110: Download sources and javadoc] INFO  o.e.m.j.internal.DownloadSourcesJob - Downloaded sources for org.apache.logging.log4j:log4j-core:2.3.2
2025-12-13 20:10:26,235 [Worker-118: Building] INFO  o.e.m.c.i.l.LifecycleMappingFactory - Using org.eclipse.m2e.jdt.JarLifecycleMapping lifecycle mapping for MavenProject: com.krakedev:ejemplomaven:0.0.1 @ C:\Users\mateo\Documents\KRAKEV\MODULO 2\workspace_java\ejemplomaven\pom.xml.
2025-12-13 20:10:26,394 [Worker-118: Building] INFO  o.a.m.s.f.DefaultMavenResourcesFiltering - skip non existing resourceDirectory C:\Users\mateo\Documents\KRAKEV\MODULO 2\workspace_java\ejemplomaven\src\main\resources
2025-12-13 20:10:26,398 [Worker-118: Building] INFO  o.a.m.s.f.DefaultMavenResourcesFiltering - skip non existing resourceDirectory C:\Users\mateo\Documents\KRAKEV\MODULO 2\workspace_java\ejemplomaven\src\test\resources
2025-12-13 20:10:26,409 [Worker-118: Building] WARN  o.apache.maven.project.MavenProject - Direct modification of compileSourceRoots through clear() is deprecated and will not work in Maven 4.0.0. Please use the add/remove methods instead. If you're using a plugin that causes this warning, please upgrade to the latest version and report an issue if the warning persists. To disable these warnings, set -Dmaven.project.sourceRoots.warningsDisabled=true on the command line, in the .mvn/maven.config file, or in project POM properties.
2025-12-13 20:10:26,410 [Worker-118: Building] WARN  o.apache.maven.project.MavenProject - Direct modification of compileSourceRoots through add() is deprecated and will not work in Maven 4.0.0. Please use the add/remove methods instead. If you're using a plugin that causes this warning, please upgrade to the latest version and report an issue if the warning persists. To disable these warnings, set -Dmaven.project.sourceRoots.warningsDisabled=true on the command line, in the .mvn/maven.config file, or in project POM properties.
2025-12-13 20:10:26,410 [Worker-118: Building] WARN  o.apache.maven.project.MavenProject - Direct modification of testCompileSourceRoots through clear() is deprecated and will not work in Maven 4.0.0. Please use the add/remove methods instead. If you're using a plugin that causes this warning, please upgrade to the latest version and report an issue if the warning persists. To disable these warnings, set -Dmaven.project.sourceRoots.warningsDisabled=true on the command line, in the .mvn/maven.config file, or in project POM properties.
2025-12-13 20:10:26,411 [Worker-118: Building] WARN  o.apache.maven.project.MavenProject - Direct modification of testCompileSourceRoots through add() is deprecated and will not work in Maven 4.0.0. Please use the add/remove methods instead. If you're using a plugin that causes this warning, please upgrade to the latest version and report an issue if the warning persists. To disable these warnings, set -Dmaven.project.sourceRoots.warningsDisabled=true on the command line, in the .mvn/maven.config file, or in project POM properties.
2025-12-13 20:10:35,414 [Worker-118: Building] INFO  o.e.m.c.i.l.LifecycleMappingFactory - Using org.eclipse.m2e.jdt.JarLifecycleMapping lifecycle mapping for MavenProject: com.krakedev:ejemplomaven:0.0.1 @ C:\Users\mateo\Documents\KRAKEV\MODULO 2\workspace_java\ejemplomaven\pom.xml.
2025-12-13 20:10:35,577 [Worker-118: Building] INFO  o.a.m.s.f.DefaultMavenResourcesFiltering - skip non existing resourceDirectory C:\Users\mateo\Documents\KRAKEV\MODULO 2\workspace_java\ejemplomaven\src\main\resources
2025-12-13 20:10:35,581 [Worker-118: Building] INFO  o.a.m.s.f.DefaultMavenResourcesFiltering - skip non existing resourceDirectory C:\Users\mateo\Documents\KRAKEV\MODULO 2\workspace_java\ejemplomaven\src\test\resources
2025-12-13 20:10:35,591 [Worker-118: Building] WARN  o.apache.maven.project.MavenProject - Direct modification of compileSourceRoots through clear() is deprecated and will not work in Maven 4.0.0. Please use the add/remove methods instead. If you're using a plugin that causes this warning, please upgrade to the latest version and report an issue if the warning persists. To disable these warnings, set -Dmaven.project.sourceRoots.warningsDisabled=true on the command line, in the .mvn/maven.config file, or in project POM properties.
2025-12-13 20:10:35,592 [Worker-118: Building] WARN  o.apache.maven.project.MavenProject - Direct modification of compileSourceRoots through add() is deprecated and will not work in Maven 4.0.0. Please use the add/remove methods instead. If you're using a plugin that causes this warning, please upgrade to the latest version and report an issue if the warning persists. To disable these warnings, set -Dmaven.project.sourceRoots.warningsDisabled=true on the command line, in the .mvn/maven.config file, or in project POM properties.
2025-12-13 20:10:35,593 [Worker-118: Building] WARN  o.apache.maven.project.MavenProject - Direct modification of testCompileSourceRoots through clear() is deprecated and will not work in Maven 4.0.0. Please use the add/remove methods instead. If you're using a plugin that causes this warning, please upgrade to the latest version and report an issue if the warning persists. To disable these warnings, set -Dmaven.project.sourceRoots.warningsDisabled=true on the command line, in the .mvn/maven.config file, or in project POM properties.
2025-12-13 20:10:35,594 [Worker-118: Building] WARN  o.apache.maven.project.MavenProject - Direct modification of testCompileSourceRoots through add() is deprecated and will not work in Maven 4.0.0. Please use the add/remove methods instead. If you're using a plugin that causes this warning, please upgrade to the latest version and report an issue if the warning persists. To disable these warnings, set -Dmaven.project.sourceRoots.warningsDisabled=true on the command line, in the .mvn/maven.config file, or in project POM properties.
2025-12-13 20:29:28,873 [Worker-121: Launching Executing install in C__Users_mateo_Documents_KRAKEV_MODULO 2_workspace_java_ejemplomaven] INFO  o.eclipse.m2e.core.internal.Bundles - getClasspathEntries(Bundle=org.eclipse.m2e.maven.runtime_3.9.1100.20250811-2018 [639])
2025-12-13 20:29:28,874 [Worker-121: Launching Executing install in C__Users_mateo_Documents_KRAKEV_MODULO 2_workspace_java_ejemplomaven] INFO  o.eclipse.m2e.core.internal.Bundles - 	Entry: C:\Users\mateo\.p2\pool\plugins\org.eclipse.m2e.maven.runtime_3.9.1100.20250811-2018
2025-12-13 20:29:28,874 [Worker-121: Launching Executing install in C__Users_mateo_Documents_KRAKEV_MODULO 2_workspace_java_ejemplomaven] INFO  o.eclipse.m2e.core.internal.Bundles - 	Entry: C:\Users\mateo\.p2\pool\plugins\org.eclipse.m2e.maven.runtime_3.9.1100.20250811-2018\jars\aopalliance-1.0.jar
2025-12-13 20:29:28,874 [Worker-121: Launching Executing install in C__Users_mateo_Documents_KRAKEV_MODULO 2_workspace_java_ejemplomaven] INFO  o.eclipse.m2e.core.internal.Bundles - 	Entry: C:\Users\mateo\.p2\pool\plugins\org.eclipse.m2e.maven.runtime_3.9.1100.20250811-2018\jars\asm-9.8.jar
2025-12-13 20:29:28,874 [Worker-121: Launching Executing install in C__Users_mateo_Documents_KRAKEV_MODULO 2_workspace_java_ejemplomaven] INFO  o.eclipse.m2e.core.internal.Bundles - 	Entry: C:\Users\mateo\.p2\pool\plugins\org.eclipse.m2e.maven.runtime_3.9.1100.20250811-2018\jars\error_prone_annotations-2.38.0.jar
2025-12-13 20:29:28,874 [Worker-121: Launching Executing install in C__Users_mateo_Documents_KRAKEV_MODULO 2_workspace_java_ejemplomaven] INFO  o.eclipse.m2e.core.internal.Bundles - 	Entry: C:\Users\mateo\.p2\pool\plugins\org.eclipse.m2e.maven.runtime_3.9.1100.20250811-2018\jars\gson-2.13.1.jar
2025-12-13 20:29:28,876 [Worker-121: Launching Executing install in C__Users_mateo_Documents_KRAKEV_MODULO 2_workspace_java_ejemplomaven] INFO  o.eclipse.m2e.core.internal.Bundles - 	Entry: C:\Users\mateo\.p2\pool\plugins\org.eclipse.m2e.maven.runtime_3.9.1100.20250811-2018\jars\guice-5.1.0-classes.jar
2025-12-13 20:29:28,876 [Worker-121: Launching Executing install in C__Users_mateo_Documents_KRAKEV_MODULO 2_workspace_java_ejemplomaven] INFO  o.eclipse.m2e.core.internal.Bundles - 	Entry: C:\Users\mateo\.p2\pool\plugins\org.eclipse.m2e.maven.runtime_3.9.1100.20250811-2018\jars\httpclient-4.5.14.jar
2025-12-13 20:29:28,876 [Worker-121: Launching Executing install in C__Users_mateo_Documents_KRAKEV_MODULO 2_workspace_java_ejemplomaven] INFO  o.eclipse.m2e.core.internal.Bundles - 	Entry: C:\Users\mateo\.p2\pool\plugins\org.eclipse.m2e.maven.runtime_3.9.1100.20250811-2018\jars\httpcore-4.4.16.jar
2025-12-13 20:29:28,876 [Worker-121: Launching Executing install in C__Users_mateo_Documents_KRAKEV_MODULO 2_workspace_java_ejemplomaven] INFO  o.eclipse.m2e.core.internal.Bundles - 	Entry: C:\Users\mateo\.p2\pool\plugins\org.eclipse.m2e.maven.runtime_3.9.1100.20250811-2018\jars\jansi-2.4.2.jar
2025-12-13 20:29:28,876 [Worker-121: Launching Executing install in C__Users_mateo_Documents_KRAKEV_MODULO 2_workspace_java_ejemplomaven] INFO  o.eclipse.m2e.core.internal.Bundles - 	Entry: C:\Users\mateo\.p2\pool\plugins\org.eclipse.m2e.maven.runtime_3.9.1100.20250811-2018\jars\jcl-over-slf4j-1.7.36.jar
2025-12-13 20:29:28,876 [Worker-121: Launching Executing install in C__Users_mateo_Documents_KRAKEV_MODULO 2_workspace_java_ejemplomaven] INFO  o.eclipse.m2e.core.internal.Bundles - 	Entry: C:\Users\mateo\.p2\pool\plugins\org.eclipse.m2e.maven.runtime_3.9.1100.20250811-2018\jars\maven-artifact-3.9.11.jar
2025-12-13 20:29:28,876 [Worker-121: Launching Executing install in C__Users_mateo_Documents_KRAKEV_MODULO 2_workspace_java_ejemplomaven] INFO  o.eclipse.m2e.core.internal.Bundles - 	Entry: C:\Users\mateo\.p2\pool\plugins\org.eclipse.m2e.maven.runtime_3.9.1100.20250811-2018\jars\maven-builder-support-3.9.11.jar
2025-12-13 20:29:28,876 [Worker-121: Launching Executing install in C__Users_mateo_Documents_KRAKEV_MODULO 2_workspace_java_ejemplomaven] INFO  o.eclipse.m2e.core.internal.Bundles - 	Entry: C:\Users\mateo\.p2\pool\plugins\org.eclipse.m2e.maven.runtime_3.9.1100.20250811-2018\jars\maven-compat-3.9.11.jar
2025-12-13 20:29:28,876 [Worker-121: Launching Executing install in C__Users_mateo_Documents_KRAKEV_MODULO 2_workspace_java_ejemplomaven] INFO  o.eclipse.m2e.core.internal.Bundles - 	Entry: C:\Users\mateo\.p2\pool\plugins\org.eclipse.m2e.maven.runtime_3.9.1100.20250811-2018\jars\maven-core-3.9.11.jar
2025-12-13 20:29:28,876 [Worker-121: Launching Executing install in C__Users_mateo_Documents_KRAKEV_MODULO 2_workspace_java_ejemplomaven] INFO  o.eclipse.m2e.core.internal.Bundles - 	Entry: C:\Users\mateo\.p2\pool\plugins\org.eclipse.m2e.maven.runtime_3.9.1100.20250811-2018\jars\maven-embedder-3.9.11.jar
2025-12-13 20:29:28,877 [Worker-121: Launching Executing install in C__Users_mateo_Documents_KRAKEV_MODULO 2_workspace_java_ejemplomaven] INFO  o.eclipse.m2e.core.internal.Bundles - 	Entry: C:\Users\mateo\.p2\pool\plugins\org.eclipse.m2e.maven.runtime_3.9.1100.20250811-2018\jars\maven-model-3.9.11.jar
2025-12-13 20:29:28,877 [Worker-121: Launching Executing install in C__Users_mateo_Documents_KRAKEV_MODULO 2_workspace_java_ejemplomaven] INFO  o.eclipse.m2e.core.internal.Bundles - 	Entry: C:\Users\mateo\.p2\pool\plugins\org.eclipse.m2e.maven.runtime_3.9.1100.20250811-2018\jars\maven-model-builder-3.9.11.jar
2025-12-13 20:29:28,877 [Worker-121: Launching Executing install in C__Users_mateo_Documents_KRAKEV_MODULO 2_workspace_java_ejemplomaven] INFO  o.eclipse.m2e.core.internal.Bundles - 	Entry: C:\Users\mateo\.p2\pool\plugins\org.eclipse.m2e.maven.runtime_3.9.1100.20250811-2018\jars\maven-plugin-api-3.9.11.jar
2025-12-13 20:29:28,877 [Worker-121: Launching Executing install in C__Users_mateo_Documents_KRAKEV_MODULO 2_workspace_java_ejemplomaven] INFO  o.eclipse.m2e.core.internal.Bundles - 	Entry: C:\Users\mateo\.p2\pool\plugins\org.eclipse.m2e.maven.runtime_3.9.1100.20250811-2018\jars\maven-repository-metadata-3.9.11.jar
2025-12-13 20:29:28,877 [Worker-121: Launching Executing install in C__Users_mateo_Documents_KRAKEV_MODULO 2_workspace_java_ejemplomaven] INFO  o.eclipse.m2e.core.internal.Bundles - 	Entry: C:\Users\mateo\.p2\pool\plugins\org.eclipse.m2e.maven.runtime_3.9.1100.20250811-2018\jars\maven-resolver-api-1.9.24.jar
2025-12-13 20:29:28,877 [Worker-121: Launching Executing install in C__Users_mateo_Documents_KRAKEV_MODULO 2_workspace_java_ejemplomaven] INFO  o.eclipse.m2e.core.internal.Bundles - 	Entry: C:\Users\mateo\.p2\pool\plugins\org.eclipse.m2e.maven.runtime_3.9.1100.20250811-2018\jars\maven-resolver-connector-basic-1.9.24.jar
2025-12-13 20:29:28,878 [Worker-121: Launching Executing install in C__Users_mateo_Documents_KRAKEV_MODULO 2_workspace_java_ejemplomaven] INFO  o.eclipse.m2e.core.internal.Bundles - 	Entry: C:\Users\mateo\.p2\pool\plugins\org.eclipse.m2e.maven.runtime_3.9.1100.20250811-2018\jars\maven-resolver-impl-1.9.24.jar
2025-12-13 20:29:28,878 [Worker-121: Launching Executing install in C__Users_mateo_Documents_KRAKEV_MODULO 2_workspace_java_ejemplomaven] INFO  o.eclipse.m2e.core.internal.Bundles - 	Entry: C:\Users\mateo\.p2\pool\plugins\org.eclipse.m2e.maven.runtime_3.9.1100.20250811-2018\jars\maven-resolver-named-locks-1.9.24.jar
2025-12-13 20:29:28,878 [Worker-121: Launching Executing install in C__Users_mateo_Documents_KRAKEV_MODULO 2_workspace_java_ejemplomaven] INFO  o.eclipse.m2e.core.internal.Bundles - 	Entry: C:\Users\mateo\.p2\pool\plugins\org.eclipse.m2e.maven.runtime_3.9.1100.20250811-2018\jars\maven-resolver-provider-3.9.11.jar
2025-12-13 20:29:28,878 [Worker-121: Launching Executing install in C__Users_mateo_Documents_KRAKEV_MODULO 2_workspace_java_ejemplomaven] INFO  o.eclipse.m2e.core.internal.Bundles - 	Entry: C:\Users\mateo\.p2\pool\plugins\org.eclipse.m2e.maven.runtime_3.9.1100.20250811-2018\jars\maven-resolver-spi-1.9.24.jar
2025-12-13 20:29:28,878 [Worker-121: Launching Executing install in C__Users_mateo_Documents_KRAKEV_MODULO 2_workspace_java_ejemplomaven] INFO  o.eclipse.m2e.core.internal.Bundles - 	Entry: C:\Users\mateo\.p2\pool\plugins\org.eclipse.m2e.maven.runtime_3.9.1100.20250811-2018\jars\maven-resolver-transport-file-1.9.24.jar
2025-12-13 20:29:28,879 [Worker-121: Launching Executing install in C__Users_mateo_Documents_KRAKEV_MODULO 2_workspace_java_ejemplomaven] INFO  o.eclipse.m2e.core.internal.Bundles - 	Entry: C:\Users\mateo\.p2\pool\plugins\org.eclipse.m2e.maven.runtime_3.9.1100.20250811-2018\jars\maven-resolver-transport-http-1.9.24.jar
2025-12-13 20:29:28,879 [Worker-121: Launching Executing install in C__Users_mateo_Documents_KRAKEV_MODULO 2_workspace_java_ejemplomaven] INFO  o.eclipse.m2e.core.internal.Bundles - 	Entry: C:\Users\mateo\.p2\pool\plugins\org.eclipse.m2e.maven.runtime_3.9.1100.20250811-2018\jars\maven-resolver-transport-wagon-1.9.24.jar
2025-12-13 20:29:28,879 [Worker-121: Launching Executing install in C__Users_mateo_Documents_KRAKEV_MODULO 2_workspace_java_ejemplomaven] INFO  o.eclipse.m2e.core.internal.Bundles - 	Entry: C:\Users\mateo\.p2\pool\plugins\org.eclipse.m2e.maven.runtime_3.9.1100.20250811-2018\jars\maven-resolver-util-1.9.24.jar
2025-12-13 20:29:28,879 [Worker-121: Launching Executing install in C__Users_mateo_Documents_KRAKEV_MODULO 2_workspace_java_ejemplomaven] INFO  o.eclipse.m2e.core.internal.Bundles - 	Entry: C:\Users\mateo\.p2\pool\plugins\org.eclipse.m2e.maven.runtime_3.9.1100.20250811-2018\jars\maven-settings-3.9.11.jar
2025-12-13 20:29:28,879 [Worker-121: Launching Executing install in C__Users_mateo_Documents_KRAKEV_MODULO 2_workspace_java_ejemplomaven] INFO  o.eclipse.m2e.core.internal.Bundles - 	Entry: C:\Users\mateo\.p2\pool\plugins\org.eclipse.m2e.maven.runtime_3.9.1100.20250811-2018\jars\maven-settings-builder-3.9.11.jar
2025-12-13 20:29:28,879 [Worker-121: Launching Executing install in C__Users_mateo_Documents_KRAKEV_MODULO 2_workspace_java_ejemplomaven] INFO  o.eclipse.m2e.core.internal.Bundles - 	Entry: C:\Users\mateo\.p2\pool\plugins\org.eclipse.m2e.maven.runtime_3.9.1100.20250811-2018\jars\maven-shared-utils-3.4.2.jar
2025-12-13 20:29:28,879 [Worker-121: Launching Executing install in C__Users_mateo_Documents_KRAKEV_MODULO 2_workspace_java_ejemplomaven] INFO  o.eclipse.m2e.core.internal.Bundles - 	Entry: C:\Users\mateo\.p2\pool\plugins\org.eclipse.m2e.maven.runtime_3.9.1100.20250811-2018\jars\org.eclipse.sisu.inject-0.9.0.M4.jar
2025-12-13 20:29:28,879 [Worker-121: Launching Executing install in C__Users_mateo_Documents_KRAKEV_MODULO 2_workspace_java_ejemplomaven] INFO  o.eclipse.m2e.core.internal.Bundles - 	Entry: C:\Users\mateo\.p2\pool\plugins\org.eclipse.m2e.maven.runtime_3.9.1100.20250811-2018\jars\org.eclipse.sisu.plexus-0.9.0.M4.jar
2025-12-13 20:29:28,880 [Worker-121: Launching Executing install in C__Users_mateo_Documents_KRAKEV_MODULO 2_workspace_java_ejemplomaven] INFO  o.eclipse.m2e.core.internal.Bundles - 	Entry: C:\Users\mateo\.p2\pool\plugins\org.eclipse.m2e.maven.runtime_3.9.1100.20250811-2018\jars\plexus-build-api-0.0.7.jar
2025-12-13 20:29:28,880 [Worker-121: Launching Executing install in C__Users_mateo_Documents_KRAKEV_MODULO 2_workspace_java_ejemplomaven] INFO  o.eclipse.m2e.core.internal.Bundles - 	Entry: C:\Users\mateo\.p2\pool\plugins\org.eclipse.m2e.maven.runtime_3.9.1100.20250811-2018\jars\plexus-build-api-1.2.0.jar
2025-12-13 20:29:28,880 [Worker-121: Launching Executing install in C__Users_mateo_Documents_KRAKEV_MODULO 2_workspace_java_ejemplomaven] INFO  o.eclipse.m2e.core.internal.Bundles - 	Entry: C:\Users\mateo\.p2\pool\plugins\org.eclipse.m2e.maven.runtime_3.9.1100.20250811-2018\jars\plexus-cipher-2.0.jar
2025-12-13 20:29:28,880 [Worker-121: Launching Executing install in C__Users_mateo_Documents_KRAKEV_MODULO 2_workspace_java_ejemplomaven] INFO  o.eclipse.m2e.core.internal.Bundles - 	Entry: C:\Users\mateo\.p2\pool\plugins\org.eclipse.m2e.maven.runtime_3.9.1100.20250811-2018\jars\plexus-classworlds-2.9.0.jar
2025-12-13 20:29:28,880 [Worker-121: Launching Executing install in C__Users_mateo_Documents_KRAKEV_MODULO 2_workspace_java_ejemplomaven] INFO  o.eclipse.m2e.core.internal.Bundles - 	Entry: C:\Users\mateo\.p2\pool\plugins\org.eclipse.m2e.maven.runtime_3.9.1100.20250811-2018\jars\plexus-component-annotations-2.2.0.jar
2025-12-13 20:29:28,880 [Worker-121: Launching Executing install in C__Users_mateo_Documents_KRAKEV_MODULO 2_workspace_java_ejemplomaven] INFO  o.eclipse.m2e.core.internal.Bundles - 	Entry: C:\Users\mateo\.p2\pool\plugins\org.eclipse.m2e.maven.runtime_3.9.1100.20250811-2018\jars\plexus-interpolation-1.28.jar
2025-12-13 20:29:28,880 [Worker-121: Launching Executing install in C__Users_mateo_Documents_KRAKEV_MODULO 2_workspace_java_ejemplomaven] INFO  o.eclipse.m2e.core.internal.Bundles - 	Entry: C:\Users\mateo\.p2\pool\plugins\org.eclipse.m2e.maven.runtime_3.9.1100.20250811-2018\jars\plexus-sec-dispatcher-2.0.jar
2025-12-13 20:29:28,881 [Worker-121: Launching Executing install in C__Users_mateo_Documents_KRAKEV_MODULO 2_workspace_java_ejemplomaven] INFO  o.eclipse.m2e.core.internal.Bundles - 	Entry: C:\Users\mateo\.p2\pool\plugins\org.eclipse.m2e.maven.runtime_3.9.1100.20250811-2018\jars\plexus-utils-3.6.0.jar
2025-12-13 20:29:28,881 [Worker-121: Launching Executing install in C__Users_mateo_Documents_KRAKEV_MODULO 2_workspace_java_ejemplomaven] INFO  o.eclipse.m2e.core.internal.Bundles - 	Entry: C:\Users\mateo\.p2\pool\plugins\org.eclipse.m2e.maven.runtime_3.9.1100.20250811-2018\jars\wagon-file-3.5.3.jar
2025-12-13 20:29:28,881 [Worker-121: Launching Executing install in C__Users_mateo_Documents_KRAKEV_MODULO 2_workspace_java_ejemplomaven] INFO  o.eclipse.m2e.core.internal.Bundles - 	Entry: C:\Users\mateo\.p2\pool\plugins\org.eclipse.m2e.maven.runtime_3.9.1100.20250811-2018\jars\wagon-http-3.5.3.jar
2025-12-13 20:29:28,881 [Worker-121: Launching Executing install in C__Users_mateo_Documents_KRAKEV_MODULO 2_workspace_java_ejemplomaven] INFO  o.eclipse.m2e.core.internal.Bundles - 	Entry: C:\Users\mateo\.p2\pool\plugins\org.eclipse.m2e.maven.runtime_3.9.1100.20250811-2018\jars\wagon-http-shared-3.5.3.jar
2025-12-13 20:29:28,881 [Worker-121: Launching Executing install in C__Users_mateo_Documents_KRAKEV_MODULO 2_workspace_java_ejemplomaven] INFO  o.eclipse.m2e.core.internal.Bundles - 	Entry: C:\Users\mateo\.p2\pool\plugins\org.eclipse.m2e.maven.runtime_3.9.1100.20250811-2018\jars\wagon-provider-api-3.5.3.jar
2025-12-13 20:29:28,881 [Worker-121: Launching Executing install in C__Users_mateo_Documents_KRAKEV_MODULO 2_workspace_java_ejemplomaven] INFO  o.eclipse.m2e.core.internal.Bundles - getClasspathEntries(Bundle=com.google.guava_33.5.0.jre [1014])
2025-12-13 20:29:28,882 [Worker-121: Launching Executing install in C__Users_mateo_Documents_KRAKEV_MODULO 2_workspace_java_ejemplomaven] INFO  o.eclipse.m2e.core.internal.Bundles - 	Entry: C:\Users\mateo\.p2\pool\plugins\com.google.guava_33.5.0.jre.jar
2025-12-13 20:29:28,882 [Worker-121: Launching Executing install in C__Users_mateo_Documents_KRAKEV_MODULO 2_workspace_java_ejemplomaven] INFO  o.eclipse.m2e.core.internal.Bundles - getClasspathEntries(Bundle=slf4j.api_2.0.17 [1004])
2025-12-13 20:29:28,882 [Worker-121: Launching Executing install in C__Users_mateo_Documents_KRAKEV_MODULO 2_workspace_java_ejemplomaven] INFO  o.eclipse.m2e.core.internal.Bundles - 	Entry: C:\Users\mateo\.p2\pool\plugins\slf4j.api_2.0.17.jar
2025-12-13 20:29:28,882 [Worker-121: Launching Executing install in C__Users_mateo_Documents_KRAKEV_MODULO 2_workspace_java_ejemplomaven] INFO  o.eclipse.m2e.core.internal.Bundles - getClasspathEntries(Bundle=jakarta.inject.jakarta.inject-api_1.0.5 [35])
2025-12-13 20:29:28,883 [Worker-121: Launching Executing install in C__Users_mateo_Documents_KRAKEV_MODULO 2_workspace_java_ejemplomaven] INFO  o.eclipse.m2e.core.internal.Bundles - 	Entry: C:\Users\mateo\.p2\pool\plugins\jakarta.inject.jakarta.inject-api_1.0.5.jar
2025-12-13 20:29:28,883 [Worker-121: Launching Executing install in C__Users_mateo_Documents_KRAKEV_MODULO 2_workspace_java_ejemplomaven] INFO  o.eclipse.m2e.core.internal.Bundles - getClasspathEntries(Bundle=jakarta.annotation-api_1.3.5 [31])
2025-12-13 20:29:28,883 [Worker-121: Launching Executing install in C__Users_mateo_Documents_KRAKEV_MODULO 2_workspace_java_ejemplomaven] INFO  o.eclipse.m2e.core.internal.Bundles - 	Entry: C:\Users\mateo\.p2\pool\plugins\jakarta.annotation-api_1.3.5.jar
2025-12-13 20:29:28,883 [Worker-121: Launching Executing install in C__Users_mateo_Documents_KRAKEV_MODULO 2_workspace_java_ejemplomaven] INFO  o.eclipse.m2e.core.internal.Bundles - getClasspathEntries(Bundle=org.apache.commons.cli_1.10.0 [75])
2025-12-13 20:29:28,883 [Worker-121: Launching Executing install in C__Users_mateo_Documents_KRAKEV_MODULO 2_workspace_java_ejemplomaven] INFO  o.eclipse.m2e.core.internal.Bundles - 	Entry: C:\Users\mateo\.p2\pool\plugins\org.apache.commons.cli_1.10.0.jar
2025-12-13 20:29:28,883 [Worker-121: Launching Executing install in C__Users_mateo_Documents_KRAKEV_MODULO 2_workspace_java_ejemplomaven] INFO  o.eclipse.m2e.core.internal.Bundles - getClasspathEntries(Bundle=org.apache.commons.commons-codec_1.20.0 [1042])
2025-12-13 20:29:28,884 [Worker-121: Launching Executing install in C__Users_mateo_Documents_KRAKEV_MODULO 2_workspace_java_ejemplomaven] INFO  o.eclipse.m2e.core.internal.Bundles - 	Entry: C:\Users\mateo\.p2\pool\plugins\org.apache.commons.commons-codec_1.20.0.jar
2025-12-13 20:29:28,884 [Worker-121: Launching Executing install in C__Users_mateo_Documents_KRAKEV_MODULO 2_workspace_java_ejemplomaven] INFO  o.eclipse.m2e.core.internal.Bundles - getClasspathEntries(Bundle=com.google.guava.failureaccess_1.0.3 [19])
2025-12-13 20:29:28,884 [Worker-121: Launching Executing install in C__Users_mateo_Documents_KRAKEV_MODULO 2_workspace_java_ejemplomaven] INFO  o.eclipse.m2e.core.internal.Bundles - 	Entry: C:\Users\mateo\.p2\pool\plugins\com.google.guava.failureaccess_1.0.3.jar
2025-12-13 20:29:28,887 [Worker-121: Launching Executing install in C__Users_mateo_Documents_KRAKEV_MODULO 2_workspace_java_ejemplomaven] INFO  o.e.m.i.launch.MavenLaunchDelegate - Run build in "C:\Users\mateo\Documents\KRAKEV\MODULO 2\workspace_java\ejemplomaven":
2025-12-13 20:29:28,887 [Worker-121: Launching Executing install in C__Users_mateo_Documents_KRAKEV_MODULO 2_workspace_java_ejemplomaven] INFO  o.e.m.i.launch.MavenLaunchDelegate -  mvn  -B -Dstyle.color=always install
2025-12-13 20:34:08,755 [Worker-121: Building] INFO  o.a.m.s.f.DefaultMavenResourcesFiltering - skip non existing resourceDirectory C:\Users\mateo\Documents\KRAKEV\MODULO 2\workspace_java\ejemplomaven\src\main\resources
2025-12-13 20:34:08,758 [Worker-121: Building] INFO  o.a.m.s.f.DefaultMavenResourcesFiltering - skip non existing resourceDirectory C:\Users\mateo\Documents\KRAKEV\MODULO 2\workspace_java\ejemplomaven\src\test\resources
2025-12-13 20:34:08,758 [Worker-121: Building] WARN  o.apache.maven.project.MavenProject - Direct modification of compileSourceRoots through clear() is deprecated and will not work in Maven 4.0.0. Please use the add/remove methods instead. If you're using a plugin that causes this warning, please upgrade to the latest version and report an issue if the warning persists. To disable these warnings, set -Dmaven.project.sourceRoots.warningsDisabled=true on the command line, in the .mvn/maven.config file, or in project POM properties.
2025-12-13 20:34:08,759 [Worker-121: Building] WARN  o.apache.maven.project.MavenProject - Direct modification of compileSourceRoots through add() is deprecated and will not work in Maven 4.0.0. Please use the add/remove methods instead. If you're using a plugin that causes this warning, please upgrade to the latest version and report an issue if the warning persists. To disable these warnings, set -Dmaven.project.sourceRoots.warningsDisabled=true on the command line, in the .mvn/maven.config file, or in project POM properties.
2025-12-13 20:34:08,759 [Worker-121: Building] WARN  o.apache.maven.project.MavenProject - Direct modification of testCompileSourceRoots through clear() is deprecated and will not work in Maven 4.0.0. Please use the add/remove methods instead. If you're using a plugin that causes this warning, please upgrade to the latest version and report an issue if the warning persists. To disable these warnings, set -Dmaven.project.sourceRoots.warningsDisabled=true on the command line, in the .mvn/maven.config file, or in project POM properties.
2025-12-13 20:34:08,760 [Worker-121: Building] WARN  o.apache.maven.project.MavenProject - Direct modification of testCompileSourceRoots through add() is deprecated and will not work in Maven 4.0.0. Please use the add/remove methods instead. If you're using a plugin that causes this warning, please upgrade to the latest version and report an issue if the warning persists. To disable these warnings, set -Dmaven.project.sourceRoots.warningsDisabled=true on the command line, in the .mvn/maven.config file, or in project POM properties.
2025-12-13 20:35:06,708 [Worker-122: Building] INFO  o.a.m.s.f.DefaultMavenResourcesFiltering - skip non existing resourceDirectory C:\Users\mateo\Documents\KRAKEV\MODULO 2\workspace_java\ejemplomaven\src\main\resources
2025-12-13 20:35:06,710 [Worker-122: Building] INFO  o.a.m.s.f.DefaultMavenResourcesFiltering - skip non existing resourceDirectory C:\Users\mateo\Documents\KRAKEV\MODULO 2\workspace_java\ejemplomaven\src\test\resources
2025-12-13 20:35:06,711 [Worker-122: Building] WARN  o.apache.maven.project.MavenProject - Direct modification of compileSourceRoots through clear() is deprecated and will not work in Maven 4.0.0. Please use the add/remove methods instead. If you're using a plugin that causes this warning, please upgrade to the latest version and report an issue if the warning persists. To disable these warnings, set -Dmaven.project.sourceRoots.warningsDisabled=true on the command line, in the .mvn/maven.config file, or in project POM properties.
2025-12-13 20:35:06,711 [Worker-122: Building] WARN  o.apache.maven.project.MavenProject - Direct modification of compileSourceRoots through add() is deprecated and will not work in Maven 4.0.0. Please use the add/remove methods instead. If you're using a plugin that causes this warning, please upgrade to the latest version and report an issue if the warning persists. To disable these warnings, set -Dmaven.project.sourceRoots.warningsDisabled=true on the command line, in the .mvn/maven.config file, or in project POM properties.
2025-12-13 20:35:06,712 [Worker-122: Building] WARN  o.apache.maven.project.MavenProject - Direct modification of testCompileSourceRoots through clear() is deprecated and will not work in Maven 4.0.0. Please use the add/remove methods instead. If you're using a plugin that causes this warning, please upgrade to the latest version and report an issue if the warning persists. To disable these warnings, set -Dmaven.project.sourceRoots.warningsDisabled=true on the command line, in the .mvn/maven.config file, or in project POM properties.
2025-12-13 20:35:06,712 [Worker-122: Building] WARN  o.apache.maven.project.MavenProject - Direct modification of testCompileSourceRoots through add() is deprecated and will not work in Maven 4.0.0. Please use the add/remove methods instead. If you're using a plugin that causes this warning, please upgrade to the latest version and report an issue if the warning persists. To disable these warnings, set -Dmaven.project.sourceRoots.warningsDisabled=true on the command line, in the .mvn/maven.config file, or in project POM properties.
2025-12-13 20:35:51,767 [Worker-122: Building] INFO  o.a.m.s.f.DefaultMavenResourcesFiltering - skip non existing resourceDirectory C:\Users\mateo\Documents\KRAKEV\MODULO 2\workspace_java\ejemplomaven\src\main\resources
2025-12-13 20:35:51,769 [Worker-122: Building] INFO  o.a.m.s.f.DefaultMavenResourcesFiltering - skip non existing resourceDirectory C:\Users\mateo\Documents\KRAKEV\MODULO 2\workspace_java\ejemplomaven\src\test\resources
2025-12-13 20:35:51,769 [Worker-122: Building] WARN  o.apache.maven.project.MavenProject - Direct modification of compileSourceRoots through clear() is deprecated and will not work in Maven 4.0.0. Please use the add/remove methods instead. If you're using a plugin that causes this warning, please upgrade to the latest version and report an issue if the warning persists. To disable these warnings, set -Dmaven.project.sourceRoots.warningsDisabled=true on the command line, in the .mvn/maven.config file, or in project POM properties.
2025-12-13 20:35:51,770 [Worker-122: Building] WARN  o.apache.maven.project.MavenProject - Direct modification of compileSourceRoots through add() is deprecated and will not work in Maven 4.0.0. Please use the add/remove methods instead. If you're using a plugin that causes this warning, please upgrade to the latest version and report an issue if the warning persists. To disable these warnings, set -Dmaven.project.sourceRoots.warningsDisabled=true on the command line, in the .mvn/maven.config file, or in project POM properties.
2025-12-13 20:35:51,770 [Worker-122: Building] WARN  o.apache.maven.project.MavenProject - Direct modification of testCompileSourceRoots through clear() is deprecated and will not work in Maven 4.0.0. Please use the add/remove methods instead. If you're using a plugin that causes this warning, please upgrade to the latest version and report an issue if the warning persists. To disable these warnings, set -Dmaven.project.sourceRoots.warningsDisabled=true on the command line, in the .mvn/maven.config file, or in project POM properties.
2025-12-13 20:35:51,771 [Worker-122: Building] WARN  o.apache.maven.project.MavenProject - Direct modification of testCompileSourceRoots through add() is deprecated and will not work in Maven 4.0.0. Please use the add/remove methods instead. If you're using a plugin that causes this warning, please upgrade to the latest version and report an issue if the warning persists. To disable these warnings, set -Dmaven.project.sourceRoots.warningsDisabled=true on the command line, in the .mvn/maven.config file, or in project POM properties.
2025-12-13 20:38:28,032 [ModalContext] INFO  o.e.m.c.i.e.AbstractTransferListenerAdapter - Downloading https://repo.maven.apache.org/maven2/uk/co/markg/archetypes/java11-junit5/1.0/java11-junit5-1.0.pom
2025-12-13 20:38:28,038 [ModalContext] INFO  o.e.m.c.i.e.AbstractTransferListenerAdapter - Downloaded https://repo.maven.apache.org/maven2/uk/co/markg/archetypes/java11-junit5/1.0/java11-junit5-1.0.pom
2025-12-13 20:38:28,182 [ModalContext] INFO  o.e.m.c.i.e.AbstractTransferListenerAdapter - Downloading https://repo.maven.apache.org/maven2/uk/co/markg/archetypes/java11-junit5/1.0/java11-junit5-1.0.jar
2025-12-13 20:38:28,187 [ModalContext] INFO  o.e.m.c.i.e.AbstractTransferListenerAdapter - Downloaded https://repo.maven.apache.org/maven2/uk/co/markg/archetypes/java11-junit5/1.0/java11-junit5-1.0.jar
2025-12-13 20:38:51,355 [Worker-130: Launching mavenrun-a1b8792d-b805-40ba-9a48-df47401dd773] INFO  o.eclipse.m2e.core.internal.Bundles - getClasspathEntries(Bundle=org.eclipse.m2e.maven.runtime_3.9.1100.20250811-2018 [639])
2025-12-13 20:38:51,356 [Worker-130: Launching mavenrun-a1b8792d-b805-40ba-9a48-df47401dd773] INFO  o.eclipse.m2e.core.internal.Bundles - 	Entry: C:\Users\mateo\.p2\pool\plugins\org.eclipse.m2e.maven.runtime_3.9.1100.20250811-2018
2025-12-13 20:38:51,356 [Worker-130: Launching mavenrun-a1b8792d-b805-40ba-9a48-df47401dd773] INFO  o.eclipse.m2e.core.internal.Bundles - 	Entry: C:\Users\mateo\.p2\pool\plugins\org.eclipse.m2e.maven.runtime_3.9.1100.20250811-2018\jars\aopalliance-1.0.jar
2025-12-13 20:38:51,356 [Worker-130: Launching mavenrun-a1b8792d-b805-40ba-9a48-df47401dd773] INFO  o.eclipse.m2e.core.internal.Bundles - 	Entry: C:\Users\mateo\.p2\pool\plugins\org.eclipse.m2e.maven.runtime_3.9.1100.20250811-2018\jars\asm-9.8.jar
2025-12-13 20:38:51,356 [Worker-130: Launching mavenrun-a1b8792d-b805-40ba-9a48-df47401dd773] INFO  o.eclipse.m2e.core.internal.Bundles - 	Entry: C:\Users\mateo\.p2\pool\plugins\org.eclipse.m2e.maven.runtime_3.9.1100.20250811-2018\jars\error_prone_annotations-2.38.0.jar
2025-12-13 20:38:51,357 [Worker-130: Launching mavenrun-a1b8792d-b805-40ba-9a48-df47401dd773] INFO  o.eclipse.m2e.core.internal.Bundles - 	Entry: C:\Users\mateo\.p2\pool\plugins\org.eclipse.m2e.maven.runtime_3.9.1100.20250811-2018\jars\gson-2.13.1.jar
2025-12-13 20:38:51,357 [Worker-130: Launching mavenrun-a1b8792d-b805-40ba-9a48-df47401dd773] INFO  o.eclipse.m2e.core.internal.Bundles - 	Entry: C:\Users\mateo\.p2\pool\plugins\org.eclipse.m2e.maven.runtime_3.9.1100.20250811-2018\jars\guice-5.1.0-classes.jar
2025-12-13 20:38:51,357 [Worker-130: Launching mavenrun-a1b8792d-b805-40ba-9a48-df47401dd773] INFO  o.eclipse.m2e.core.internal.Bundles - 	Entry: C:\Users\mateo\.p2\pool\plugins\org.eclipse.m2e.maven.runtime_3.9.1100.20250811-2018\jars\httpclient-4.5.14.jar
2025-12-13 20:38:51,357 [Worker-130: Launching mavenrun-a1b8792d-b805-40ba-9a48-df47401dd773] INFO  o.eclipse.m2e.core.internal.Bundles - 	Entry: C:\Users\mateo\.p2\pool\plugins\org.eclipse.m2e.maven.runtime_3.9.1100.20250811-2018\jars\httpcore-4.4.16.jar
2025-12-13 20:38:51,357 [Worker-130: Launching mavenrun-a1b8792d-b805-40ba-9a48-df47401dd773] INFO  o.eclipse.m2e.core.internal.Bundles - 	Entry: C:\Users\mateo\.p2\pool\plugins\org.eclipse.m2e.maven.runtime_3.9.1100.20250811-2018\jars\jansi-2.4.2.jar
2025-12-13 20:38:51,357 [Worker-130: Launching mavenrun-a1b8792d-b805-40ba-9a48-df47401dd773] INFO  o.eclipse.m2e.core.internal.Bundles - 	Entry: C:\Users\mateo\.p2\pool\plugins\org.eclipse.m2e.maven.runtime_3.9.1100.20250811-2018\jars\jcl-over-slf4j-1.7.36.jar
2025-12-13 20:38:51,357 [Worker-130: Launching mavenrun-a1b8792d-b805-40ba-9a48-df47401dd773] INFO  o.eclipse.m2e.core.internal.Bundles - 	Entry: C:\Users\mateo\.p2\pool\plugins\org.eclipse.m2e.maven.runtime_3.9.1100.20250811-2018\jars\maven-artifact-3.9.11.jar
2025-12-13 20:38:51,358 [Worker-130: Launching mavenrun-a1b8792d-b805-40ba-9a48-df47401dd773] INFO  o.eclipse.m2e.core.internal.Bundles - 	Entry: C:\Users\mateo\.p2\pool\plugins\org.eclipse.m2e.maven.runtime_3.9.1100.20250811-2018\jars\maven-builder-support-3.9.11.jar
2025-12-13 20:38:51,358 [Worker-130: Launching mavenrun-a1b8792d-b805-40ba-9a48-df47401dd773] INFO  o.eclipse.m2e.core.internal.Bundles - 	Entry: C:\Users\mateo\.p2\pool\plugins\org.eclipse.m2e.maven.runtime_3.9.1100.20250811-2018\jars\maven-compat-3.9.11.jar
2025-12-13 20:38:51,358 [Worker-130: Launching mavenrun-a1b8792d-b805-40ba-9a48-df47401dd773] INFO  o.eclipse.m2e.core.internal.Bundles - 	Entry: C:\Users\mateo\.p2\pool\plugins\org.eclipse.m2e.maven.runtime_3.9.1100.20250811-2018\jars\maven-core-3.9.11.jar
2025-12-13 20:38:51,358 [Worker-130: Launching mavenrun-a1b8792d-b805-40ba-9a48-df47401dd773] INFO  o.eclipse.m2e.core.internal.Bundles - 	Entry: C:\Users\mateo\.p2\pool\plugins\org.eclipse.m2e.maven.runtime_3.9.1100.20250811-2018\jars\maven-embedder-3.9.11.jar
2025-12-13 20:38:51,359 [Worker-130: Launching mavenrun-a1b8792d-b805-40ba-9a48-df47401dd773] INFO  o.eclipse.m2e.core.internal.Bundles - 	Entry: C:\Users\mateo\.p2\pool\plugins\org.eclipse.m2e.maven.runtime_3.9.1100.20250811-2018\jars\maven-model-3.9.11.jar
2025-12-13 20:38:51,359 [Worker-130: Launching mavenrun-a1b8792d-b805-40ba-9a48-df47401dd773] INFO  o.eclipse.m2e.core.internal.Bundles - 	Entry: C:\Users\mateo\.p2\pool\plugins\org.eclipse.m2e.maven.runtime_3.9.1100.20250811-2018\jars\maven-model-builder-3.9.11.jar
2025-12-13 20:38:51,359 [Worker-130: Launching mavenrun-a1b8792d-b805-40ba-9a48-df47401dd773] INFO  o.eclipse.m2e.core.internal.Bundles - 	Entry: C:\Users\mateo\.p2\pool\plugins\org.eclipse.m2e.maven.runtime_3.9.1100.20250811-2018\jars\maven-plugin-api-3.9.11.jar
2025-12-13 20:38:51,359 [Worker-130: Launching mavenrun-a1b8792d-b805-40ba-9a48-df47401dd773] INFO  o.eclipse.m2e.core.internal.Bundles - 	Entry: C:\Users\mateo\.p2\pool\plugins\org.eclipse.m2e.maven.runtime_3.9.1100.20250811-2018\jars\maven-repository-metadata-3.9.11.jar
2025-12-13 20:38:51,359 [Worker-130: Launching mavenrun-a1b8792d-b805-40ba-9a48-df47401dd773] INFO  o.eclipse.m2e.core.internal.Bundles - 	Entry: C:\Users\mateo\.p2\pool\plugins\org.eclipse.m2e.maven.runtime_3.9.1100.20250811-2018\jars\maven-resolver-api-1.9.24.jar
2025-12-13 20:38:51,360 [Worker-130: Launching mavenrun-a1b8792d-b805-40ba-9a48-df47401dd773] INFO  o.eclipse.m2e.core.internal.Bundles - 	Entry: C:\Users\mateo\.p2\pool\plugins\org.eclipse.m2e.maven.runtime_3.9.1100.20250811-2018\jars\maven-resolver-connector-basic-1.9.24.jar
2025-12-13 20:38:51,360 [Worker-130: Launching mavenrun-a1b8792d-b805-40ba-9a48-df47401dd773] INFO  o.eclipse.m2e.core.internal.Bundles - 	Entry: C:\Users\mateo\.p2\pool\plugins\org.eclipse.m2e.maven.runtime_3.9.1100.20250811-2018\jars\maven-resolver-impl-1.9.24.jar
2025-12-13 20:38:51,360 [Worker-130: Launching mavenrun-a1b8792d-b805-40ba-9a48-df47401dd773] INFO  o.eclipse.m2e.core.internal.Bundles - 	Entry: C:\Users\mateo\.p2\pool\plugins\org.eclipse.m2e.maven.runtime_3.9.1100.20250811-2018\jars\maven-resolver-named-locks-1.9.24.jar
2025-12-13 20:38:51,360 [Worker-130: Launching mavenrun-a1b8792d-b805-40ba-9a48-df47401dd773] INFO  o.eclipse.m2e.core.internal.Bundles - 	Entry: C:\Users\mateo\.p2\pool\plugins\org.eclipse.m2e.maven.runtime_3.9.1100.20250811-2018\jars\maven-resolver-provider-3.9.11.jar
2025-12-13 20:38:51,360 [Worker-130: Launching mavenrun-a1b8792d-b805-40ba-9a48-df47401dd773] INFO  o.eclipse.m2e.core.internal.Bundles - 	Entry: C:\Users\mateo\.p2\pool\plugins\org.eclipse.m2e.maven.runtime_3.9.1100.20250811-2018\jars\maven-resolver-spi-1.9.24.jar
2025-12-13 20:38:51,360 [Worker-130: Launching mavenrun-a1b8792d-b805-40ba-9a48-df47401dd773] INFO  o.eclipse.m2e.core.internal.Bundles - 	Entry: C:\Users\mateo\.p2\pool\plugins\org.eclipse.m2e.maven.runtime_3.9.1100.20250811-2018\jars\maven-resolver-transport-file-1.9.24.jar
2025-12-13 20:38:51,360 [Worker-130: Launching mavenrun-a1b8792d-b805-40ba-9a48-df47401dd773] INFO  o.eclipse.m2e.core.internal.Bundles - 	Entry: C:\Users\mateo\.p2\pool\plugins\org.eclipse.m2e.maven.runtime_3.9.1100.20250811-2018\jars\maven-resolver-transport-http-1.9.24.jar
2025-12-13 20:38:51,362 [Worker-130: Launching mavenrun-a1b8792d-b805-40ba-9a48-df47401dd773] INFO  o.eclipse.m2e.core.internal.Bundles - 	Entry: C:\Users\mateo\.p2\pool\plugins\org.eclipse.m2e.maven.runtime_3.9.1100.20250811-2018\jars\maven-resolver-transport-wagon-1.9.24.jar
2025-12-13 20:38:51,362 [Worker-130: Launching mavenrun-a1b8792d-b805-40ba-9a48-df47401dd773] INFO  o.eclipse.m2e.core.internal.Bundles - 	Entry: C:\Users\mateo\.p2\pool\plugins\org.eclipse.m2e.maven.runtime_3.9.1100.20250811-2018\jars\maven-resolver-util-1.9.24.jar
2025-12-13 20:38:51,362 [Worker-130: Launching mavenrun-a1b8792d-b805-40ba-9a48-df47401dd773] INFO  o.eclipse.m2e.core.internal.Bundles - 	Entry: C:\Users\mateo\.p2\pool\plugins\org.eclipse.m2e.maven.runtime_3.9.1100.20250811-2018\jars\maven-settings-3.9.11.jar
2025-12-13 20:38:51,362 [Worker-130: Launching mavenrun-a1b8792d-b805-40ba-9a48-df47401dd773] INFO  o.eclipse.m2e.core.internal.Bundles - 	Entry: C:\Users\mateo\.p2\pool\plugins\org.eclipse.m2e.maven.runtime_3.9.1100.20250811-2018\jars\maven-settings-builder-3.9.11.jar
2025-12-13 20:38:51,362 [Worker-130: Launching mavenrun-a1b8792d-b805-40ba-9a48-df47401dd773] INFO  o.eclipse.m2e.core.internal.Bundles - 	Entry: C:\Users\mateo\.p2\pool\plugins\org.eclipse.m2e.maven.runtime_3.9.1100.20250811-2018\jars\maven-shared-utils-3.4.2.jar
2025-12-13 20:38:51,362 [Worker-130: Launching mavenrun-a1b8792d-b805-40ba-9a48-df47401dd773] INFO  o.eclipse.m2e.core.internal.Bundles - 	Entry: C:\Users\mateo\.p2\pool\plugins\org.eclipse.m2e.maven.runtime_3.9.1100.20250811-2018\jars\org.eclipse.sisu.inject-0.9.0.M4.jar
2025-12-13 20:38:51,362 [Worker-130: Launching mavenrun-a1b8792d-b805-40ba-9a48-df47401dd773] INFO  o.eclipse.m2e.core.internal.Bundles - 	Entry: C:\Users\mateo\.p2\pool\plugins\org.eclipse.m2e.maven.runtime_3.9.1100.20250811-2018\jars\org.eclipse.sisu.plexus-0.9.0.M4.jar
2025-12-13 20:38:51,363 [Worker-130: Launching mavenrun-a1b8792d-b805-40ba-9a48-df47401dd773] INFO  o.eclipse.m2e.core.internal.Bundles - 	Entry: C:\Users\mateo\.p2\pool\plugins\org.eclipse.m2e.maven.runtime_3.9.1100.20250811-2018\jars\plexus-build-api-0.0.7.jar
2025-12-13 20:38:51,363 [Worker-130: Launching mavenrun-a1b8792d-b805-40ba-9a48-df47401dd773] INFO  o.eclipse.m2e.core.internal.Bundles - 	Entry: C:\Users\mateo\.p2\pool\plugins\org.eclipse.m2e.maven.runtime_3.9.1100.20250811-2018\jars\plexus-build-api-1.2.0.jar
2025-12-13 20:38:51,363 [Worker-130: Launching mavenrun-a1b8792d-b805-40ba-9a48-df47401dd773] INFO  o.eclipse.m2e.core.internal.Bundles - 	Entry: C:\Users\mateo\.p2\pool\plugins\org.eclipse.m2e.maven.runtime_3.9.1100.20250811-2018\jars\plexus-cipher-2.0.jar
2025-12-13 20:38:51,363 [Worker-130: Launching mavenrun-a1b8792d-b805-40ba-9a48-df47401dd773] INFO  o.eclipse.m2e.core.internal.Bundles - 	Entry: C:\Users\mateo\.p2\pool\plugins\org.eclipse.m2e.maven.runtime_3.9.1100.20250811-2018\jars\plexus-classworlds-2.9.0.jar
2025-12-13 20:38:51,363 [Worker-130: Launching mavenrun-a1b8792d-b805-40ba-9a48-df47401dd773] INFO  o.eclipse.m2e.core.internal.Bundles - 	Entry: C:\Users\mateo\.p2\pool\plugins\org.eclipse.m2e.maven.runtime_3.9.1100.20250811-2018\jars\plexus-component-annotations-2.2.0.jar
2025-12-13 20:38:51,363 [Worker-130: Launching mavenrun-a1b8792d-b805-40ba-9a48-df47401dd773] INFO  o.eclipse.m2e.core.internal.Bundles - 	Entry: C:\Users\mateo\.p2\pool\plugins\org.eclipse.m2e.maven.runtime_3.9.1100.20250811-2018\jars\plexus-interpolation-1.28.jar
2025-12-13 20:38:51,363 [Worker-130: Launching mavenrun-a1b8792d-b805-40ba-9a48-df47401dd773] INFO  o.eclipse.m2e.core.internal.Bundles - 	Entry: C:\Users\mateo\.p2\pool\plugins\org.eclipse.m2e.maven.runtime_3.9.1100.20250811-2018\jars\plexus-sec-dispatcher-2.0.jar
2025-12-13 20:38:51,363 [Worker-130: Launching mavenrun-a1b8792d-b805-40ba-9a48-df47401dd773] INFO  o.eclipse.m2e.core.internal.Bundles - 	Entry: C:\Users\mateo\.p2\pool\plugins\org.eclipse.m2e.maven.runtime_3.9.1100.20250811-2018\jars\plexus-utils-3.6.0.jar
2025-12-13 20:38:51,363 [Worker-130: Launching mavenrun-a1b8792d-b805-40ba-9a48-df47401dd773] INFO  o.eclipse.m2e.core.internal.Bundles - 	Entry: C:\Users\mateo\.p2\pool\plugins\org.eclipse.m2e.maven.runtime_3.9.1100.20250811-2018\jars\wagon-file-3.5.3.jar
2025-12-13 20:38:51,363 [Worker-130: Launching mavenrun-a1b8792d-b805-40ba-9a48-df47401dd773] INFO  o.eclipse.m2e.core.internal.Bundles - 	Entry: C:\Users\mateo\.p2\pool\plugins\org.eclipse.m2e.maven.runtime_3.9.1100.20250811-2018\jars\wagon-http-3.5.3.jar
2025-12-13 20:38:51,364 [Worker-130: Launching mavenrun-a1b8792d-b805-40ba-9a48-df47401dd773] INFO  o.eclipse.m2e.core.internal.Bundles - 	Entry: C:\Users\mateo\.p2\pool\plugins\org.eclipse.m2e.maven.runtime_3.9.1100.20250811-2018\jars\wagon-http-shared-3.5.3.jar
2025-12-13 20:38:51,364 [Worker-130: Launching mavenrun-a1b8792d-b805-40ba-9a48-df47401dd773] INFO  o.eclipse.m2e.core.internal.Bundles - 	Entry: C:\Users\mateo\.p2\pool\plugins\org.eclipse.m2e.maven.runtime_3.9.1100.20250811-2018\jars\wagon-provider-api-3.5.3.jar
2025-12-13 20:38:51,364 [Worker-130: Launching mavenrun-a1b8792d-b805-40ba-9a48-df47401dd773] INFO  o.eclipse.m2e.core.internal.Bundles - getClasspathEntries(Bundle=com.google.guava_33.5.0.jre [1014])
2025-12-13 20:38:51,365 [Worker-130: Launching mavenrun-a1b8792d-b805-40ba-9a48-df47401dd773] INFO  o.eclipse.m2e.core.internal.Bundles - 	Entry: C:\Users\mateo\.p2\pool\plugins\com.google.guava_33.5.0.jre.jar
2025-12-13 20:38:51,365 [Worker-130: Launching mavenrun-a1b8792d-b805-40ba-9a48-df47401dd773] INFO  o.eclipse.m2e.core.internal.Bundles - getClasspathEntries(Bundle=slf4j.api_2.0.17 [1004])
2025-12-13 20:38:51,365 [Worker-130: Launching mavenrun-a1b8792d-b805-40ba-9a48-df47401dd773] INFO  o.eclipse.m2e.core.internal.Bundles - 	Entry: C:\Users\mateo\.p2\pool\plugins\slf4j.api_2.0.17.jar
2025-12-13 20:38:51,365 [Worker-130: Launching mavenrun-a1b8792d-b805-40ba-9a48-df47401dd773] INFO  o.eclipse.m2e.core.internal.Bundles - getClasspathEntries(Bundle=jakarta.inject.jakarta.inject-api_1.0.5 [35])
2025-12-13 20:38:51,365 [Worker-130: Launching mavenrun-a1b8792d-b805-40ba-9a48-df47401dd773] INFO  o.eclipse.m2e.core.internal.Bundles - 	Entry: C:\Users\mateo\.p2\pool\plugins\jakarta.inject.jakarta.inject-api_1.0.5.jar
2025-12-13 20:38:51,366 [Worker-130: Launching mavenrun-a1b8792d-b805-40ba-9a48-df47401dd773] INFO  o.eclipse.m2e.core.internal.Bundles - getClasspathEntries(Bundle=jakarta.annotation-api_1.3.5 [31])
2025-12-13 20:38:51,366 [Worker-130: Launching mavenrun-a1b8792d-b805-40ba-9a48-df47401dd773] INFO  o.eclipse.m2e.core.internal.Bundles - 	Entry: C:\Users\mateo\.p2\pool\plugins\jakarta.annotation-api_1.3.5.jar
2025-12-13 20:38:51,366 [Worker-130: Launching mavenrun-a1b8792d-b805-40ba-9a48-df47401dd773] INFO  o.eclipse.m2e.core.internal.Bundles - getClasspathEntries(Bundle=org.apache.commons.cli_1.10.0 [75])
2025-12-13 20:38:51,366 [Worker-130: Launching mavenrun-a1b8792d-b805-40ba-9a48-df47401dd773] INFO  o.eclipse.m2e.core.internal.Bundles - 	Entry: C:\Users\mateo\.p2\pool\plugins\org.apache.commons.cli_1.10.0.jar
2025-12-13 20:38:51,366 [Worker-130: Launching mavenrun-a1b8792d-b805-40ba-9a48-df47401dd773] INFO  o.eclipse.m2e.core.internal.Bundles - getClasspathEntries(Bundle=org.apache.commons.commons-codec_1.20.0 [1042])
2025-12-13 20:38:51,367 [Worker-130: Launching mavenrun-a1b8792d-b805-40ba-9a48-df47401dd773] INFO  o.eclipse.m2e.core.internal.Bundles - 	Entry: C:\Users\mateo\.p2\pool\plugins\org.apache.commons.commons-codec_1.20.0.jar
2025-12-13 20:38:51,367 [Worker-130: Launching mavenrun-a1b8792d-b805-40ba-9a48-df47401dd773] INFO  o.eclipse.m2e.core.internal.Bundles - getClasspathEntries(Bundle=com.google.guava.failureaccess_1.0.3 [19])
2025-12-13 20:38:51,367 [Worker-130: Launching mavenrun-a1b8792d-b805-40ba-9a48-df47401dd773] INFO  o.eclipse.m2e.core.internal.Bundles - 	Entry: C:\Users\mateo\.p2\pool\plugins\com.google.guava.failureaccess_1.0.3.jar
2025-12-13 20:38:51,369 [Worker-130: Launching mavenrun-a1b8792d-b805-40ba-9a48-df47401dd773] INFO  o.e.m.i.launch.MavenLaunchDelegate - Run build in "C:\Users\mateo\AppData\Local\Temp\m2e-archetypeGenerator3011714536244572035":
2025-12-13 20:38:51,369 [Worker-130: Launching mavenrun-a1b8792d-b805-40ba-9a48-df47401dd773] INFO  o.e.m.i.launch.MavenLaunchDelegate -  mvn  -DarchetypeGroupId=uk.co.markg.archetypes -DarchetypeArtifactId=java11-junit5 -DarchetypeVersion=1.0 -DgroupId=com.krakedev -DartifactId=ejemplojunit -Dversion=1.0.0 -Dpackage=com.krakedev.ejemplojunit -DoutputDirectory="C:\Users\mateo\Documents\KRAKEV\MODULO 2\workspace_java" -Dstyle.color=always -U archetype:generate
2025-12-13 20:39:04,312 [Worker-122: Creating java11-junit5] INFO  o.e.m.c.i.p.ProjectConfigurationManager - Collecting project info '/pom.xml' C:\Users\mateo\Documents\KRAKEV\MODULO 2\workspace_java\ejemplojunit\pom.xml
2025-12-13 20:39:04,601 [Worker-122: Creating java11-junit5] INFO  o.e.m.c.i.e.AbstractTransferListenerAdapter - Downloading https://repo.maven.apache.org/maven2/org/apache/maven/plugins/maven-clean-plugin/3.1.0/maven-clean-plugin-3.1.0.jar
2025-12-13 20:39:04,605 [Worker-122: Creating java11-junit5] INFO  o.e.m.c.i.e.AbstractTransferListenerAdapter - Downloaded https://repo.maven.apache.org/maven2/org/apache/maven/plugins/maven-clean-plugin/3.1.0/maven-clean-plugin-3.1.0.jar
2025-12-13 20:39:04,703 [Worker-122: Creating java11-junit5] INFO  o.e.m.c.i.e.AbstractTransferListenerAdapter - Downloading https://repo.maven.apache.org/maven2/org/apache/maven/plugins/maven-resources-plugin/3.1.0/maven-resources-plugin-3.1.0.jar
2025-12-13 20:39:04,707 [Worker-122: Creating java11-junit5] INFO  o.e.m.c.i.e.AbstractTransferListenerAdapter - Downloaded https://repo.maven.apache.org/maven2/org/apache/maven/plugins/maven-resources-plugin/3.1.0/maven-resources-plugin-3.1.0.jar
2025-12-13 20:39:04,818 [Worker-122: Creating java11-junit5] INFO  o.e.m.c.i.e.AbstractTransferListenerAdapter - Downloading https://repo.maven.apache.org/maven2/org/apache/maven/plugins/maven-surefire-plugin/3.0.0-M4/maven-surefire-plugin-3.0.0-M4.jar
2025-12-13 20:39:04,823 [Worker-122: Creating java11-junit5] INFO  o.e.m.c.i.e.AbstractTransferListenerAdapter - Downloaded https://repo.maven.apache.org/maven2/org/apache/maven/plugins/maven-surefire-plugin/3.0.0-M4/maven-surefire-plugin-3.0.0-M4.jar
2025-12-13 20:39:04,928 [Worker-122: Creating java11-junit5] INFO  o.e.m.c.i.e.AbstractTransferListenerAdapter - Downloading https://repo.maven.apache.org/maven2/org/apache/maven/plugins/maven-jar-plugin/3.2.0/maven-jar-plugin-3.2.0.jar
2025-12-13 20:39:04,933 [Worker-122: Creating java11-junit5] INFO  o.e.m.c.i.e.AbstractTransferListenerAdapter - Downloaded https://repo.maven.apache.org/maven2/org/apache/maven/plugins/maven-jar-plugin/3.2.0/maven-jar-plugin-3.2.0.jar
2025-12-13 20:39:05,075 [Worker-122: Creating java11-junit5] INFO  o.e.m.c.i.e.AbstractTransferListenerAdapter - Downloading https://repo.maven.apache.org/maven2/org/apache/maven/plugins/maven-shade-plugin/3.2.2/maven-shade-plugin-3.2.2.jar
2025-12-13 20:39:05,213 [Worker-122: Creating java11-junit5] INFO  o.e.m.c.i.e.AbstractTransferListenerAdapter - Downloaded https://repo.maven.apache.org/maven2/org/apache/maven/plugins/maven-shade-plugin/3.2.2/maven-shade-plugin-3.2.2.jar
2025-12-13 20:39:05,349 [Worker-122: Creating java11-junit5] INFO  o.e.m.c.i.e.AbstractTransferListenerAdapter - Downloading https://repo.maven.apache.org/maven2/org/apache/maven/plugins/maven-install-plugin/3.0.0-M1/maven-install-plugin-3.0.0-M1.jar
2025-12-13 20:39:05,353 [Worker-122: Creating java11-junit5] INFO  o.e.m.c.i.e.AbstractTransferListenerAdapter - Downloaded https://repo.maven.apache.org/maven2/org/apache/maven/plugins/maven-install-plugin/3.0.0-M1/maven-install-plugin-3.0.0-M1.jar
2025-12-13 20:39:05,776 [Worker-122: Creating java11-junit5] INFO  o.e.m.c.i.l.LifecycleMappingFactory - Using org.eclipse.m2e.jdt.JarLifecycleMapping lifecycle mapping for MavenProject: com.krakedev:ejemplojunit:1.0.0 @ C:\Users\mateo\Documents\KRAKEV\MODULO 2\workspace_java\ejemplojunit\pom.xml.
2025-12-13 20:39:05,869 [Worker-122: Creating java11-junit5] INFO  o.e.m.c.i.e.AbstractTransferListenerAdapter - Downloading https://repo.maven.apache.org/maven2/org/junit/jupiter/junit-jupiter-api/5.6.2/junit-jupiter-api-5.6.2.pom
2025-12-13 20:39:05,875 [Worker-122: Creating java11-junit5] INFO  o.e.m.c.i.e.AbstractTransferListenerAdapter - Downloaded https://repo.maven.apache.org/maven2/org/junit/jupiter/junit-jupiter-api/5.6.2/junit-jupiter-api-5.6.2.pom
2025-12-13 20:39:05,982 [Worker-122: Creating java11-junit5] INFO  o.e.m.c.i.e.AbstractTransferListenerAdapter - Downloading https://repo.maven.apache.org/maven2/org/junit/junit-bom/5.6.2/junit-bom-5.6.2.pom
2025-12-13 20:39:05,987 [Worker-122: Creating java11-junit5] INFO  o.e.m.c.i.e.AbstractTransferListenerAdapter - Downloaded https://repo.maven.apache.org/maven2/org/junit/junit-bom/5.6.2/junit-bom-5.6.2.pom
2025-12-13 20:39:06,088 [Worker-122: Creating java11-junit5] INFO  o.e.m.c.i.e.AbstractTransferListenerAdapter - Downloading https://repo.maven.apache.org/maven2/org/apiguardian/apiguardian-api/1.1.0/apiguardian-api-1.1.0.pom
2025-12-13 20:39:06,092 [Worker-122: Creating java11-junit5] INFO  o.e.m.c.i.e.AbstractTransferListenerAdapter - Downloaded https://repo.maven.apache.org/maven2/org/apiguardian/apiguardian-api/1.1.0/apiguardian-api-1.1.0.pom
2025-12-13 20:39:06,193 [Worker-122: Creating java11-junit5] INFO  o.e.m.c.i.e.AbstractTransferListenerAdapter - Downloading https://repo.maven.apache.org/maven2/org/junit/platform/junit-platform-commons/1.6.2/junit-platform-commons-1.6.2.pom
2025-12-13 20:39:06,199 [Worker-122: Creating java11-junit5] INFO  o.e.m.c.i.e.AbstractTransferListenerAdapter - Downloaded https://repo.maven.apache.org/maven2/org/junit/platform/junit-platform-commons/1.6.2/junit-platform-commons-1.6.2.pom
2025-12-13 20:39:06,299 [Worker-122: Creating java11-junit5] INFO  o.e.m.c.i.e.AbstractTransferListenerAdapter - Downloading https://repo.maven.apache.org/maven2/org/junit/jupiter/junit-jupiter-engine/5.6.2/junit-jupiter-engine-5.6.2.pom
2025-12-13 20:39:06,303 [Worker-122: Creating java11-junit5] INFO  o.e.m.c.i.e.AbstractTransferListenerAdapter - Downloaded https://repo.maven.apache.org/maven2/org/junit/jupiter/junit-jupiter-engine/5.6.2/junit-jupiter-engine-5.6.2.pom
2025-12-13 20:39:06,405 [Worker-122: Creating java11-junit5] INFO  o.e.m.c.i.e.AbstractTransferListenerAdapter - Downloading https://repo.maven.apache.org/maven2/org/junit/platform/junit-platform-engine/1.6.2/junit-platform-engine-1.6.2.pom
2025-12-13 20:39:06,409 [Worker-122: Creating java11-junit5] INFO  o.e.m.c.i.e.AbstractTransferListenerAdapter - Downloaded https://repo.maven.apache.org/maven2/org/junit/platform/junit-platform-engine/1.6.2/junit-platform-engine-1.6.2.pom
2025-12-13 20:39:06,529 [Worker-122: Creating java11-junit5] INFO  o.e.m.c.i.e.AbstractTransferListenerAdapter - Downloading https://repo.maven.apache.org/maven2/org/junit/jupiter/junit-jupiter-params/5.6.2/junit-jupiter-params-5.6.2.pom
2025-12-13 20:39:06,533 [Worker-122: Creating java11-junit5] INFO  o.e.m.c.i.e.AbstractTransferListenerAdapter - Downloaded https://repo.maven.apache.org/maven2/org/junit/jupiter/junit-jupiter-params/5.6.2/junit-jupiter-params-5.6.2.pom
2025-12-13 20:39:06,637 [Worker-122: Creating java11-junit5] INFO  o.e.m.c.i.e.AbstractTransferListenerAdapter - Downloading https://repo.maven.apache.org/maven2/org/junit/jupiter/junit-jupiter-api/5.6.2/junit-jupiter-api-5.6.2.jar
2025-12-13 20:39:06,708 [Worker-122: Creating java11-junit5] INFO  o.e.m.c.i.e.AbstractTransferListenerAdapter - Downloaded https://repo.maven.apache.org/maven2/org/junit/jupiter/junit-jupiter-api/5.6.2/junit-jupiter-api-5.6.2.jar
2025-12-13 20:39:06,810 [BasicRepositoryConnector-repo.maven.apache.org-3-0] INFO  o.e.m.c.i.e.AbstractTransferListenerAdapter - Downloading https://repo.maven.apache.org/maven2/org/apiguardian/apiguardian-api/1.1.0/apiguardian-api-1.1.0.jar
2025-12-13 20:39:06,814 [BasicRepositoryConnector-repo.maven.apache.org-3-0] INFO  o.e.m.c.i.e.AbstractTransferListenerAdapter - Downloaded https://repo.maven.apache.org/maven2/org/apiguardian/apiguardian-api/1.1.0/apiguardian-api-1.1.0.jar
2025-12-13 20:39:06,950 [BasicRepositoryConnector-repo.maven.apache.org-3-1] INFO  o.e.m.c.i.e.AbstractTransferListenerAdapter - Downloading https://repo.maven.apache.org/maven2/org/junit/platform/junit-platform-commons/1.6.2/junit-platform-commons-1.6.2.jar
2025-12-13 20:39:06,953 [BasicRepositoryConnector-repo.maven.apache.org-3-4] INFO  o.e.m.c.i.e.AbstractTransferListenerAdapter - Downloading https://repo.maven.apache.org/maven2/org/junit/jupiter/junit-jupiter-params/5.6.2/junit-jupiter-params-5.6.2.jar
2025-12-13 20:39:06,965 [BasicRepositoryConnector-repo.maven.apache.org-3-3] INFO  o.e.m.c.i.e.AbstractTransferListenerAdapter - Downloading https://repo.maven.apache.org/maven2/org/junit/platform/junit-platform-engine/1.6.2/junit-platform-engine-1.6.2.jar
2025-12-13 20:39:06,965 [BasicRepositoryConnector-repo.maven.apache.org-3-2] INFO  o.e.m.c.i.e.AbstractTransferListenerAdapter - Downloading https://repo.maven.apache.org/maven2/org/junit/jupiter/junit-jupiter-engine/5.6.2/junit-jupiter-engine-5.6.2.jar
2025-12-13 20:39:07,022 [BasicRepositoryConnector-repo.maven.apache.org-3-1] INFO  o.e.m.c.i.e.AbstractTransferListenerAdapter - Downloaded https://repo.maven.apache.org/maven2/org/junit/platform/junit-platform-commons/1.6.2/junit-platform-commons-1.6.2.jar
2025-12-13 20:39:07,042 [BasicRepositoryConnector-repo.maven.apache.org-3-3] INFO  o.e.m.c.i.e.AbstractTransferListenerAdapter - Downloaded https://repo.maven.apache.org/maven2/org/junit/platform/junit-platform-engine/1.6.2/junit-platform-engine-1.6.2.jar
2025-12-13 20:39:07,106 [BasicRepositoryConnector-repo.maven.apache.org-3-2] INFO  o.e.m.c.i.e.AbstractTransferListenerAdapter - Downloaded https://repo.maven.apache.org/maven2/org/junit/jupiter/junit-jupiter-engine/5.6.2/junit-jupiter-engine-5.6.2.jar
2025-12-13 20:39:07,238 [BasicRepositoryConnector-repo.maven.apache.org-3-4] INFO  o.e.m.c.i.e.AbstractTransferListenerAdapter - Downloaded https://repo.maven.apache.org/maven2/org/junit/jupiter/junit-jupiter-params/5.6.2/junit-jupiter-params-5.6.2.jar
2025-12-13 20:39:07,285 [Worker-122: Creating java11-junit5] INFO  o.e.m.c.i.l.LifecycleMappingFactory - Using org.eclipse.m2e.jdt.JarLifecycleMapping lifecycle mapping for MavenProject: com.krakedev:ejemplomaven:0.0.1 @ C:\Users\mateo\Documents\KRAKEV\MODULO 2\workspace_java\ejemplomaven\pom.xml.
2025-12-13 20:39:07,418 [Worker-122: Creating java11-junit5] INFO  o.e.m.c.i.e.AbstractTransferListenerAdapter - Downloading https://repo.maven.apache.org/maven2/org/apache/maven/plugins/maven-resources-plugin/3.1.0/maven-resources-plugin-3.1.0.pom
2025-12-13 20:39:07,422 [Worker-122: Creating java11-junit5] INFO  o.e.m.c.i.e.AbstractTransferListenerAdapter - Downloaded https://repo.maven.apache.org/maven2/org/apache/maven/plugins/maven-resources-plugin/3.1.0/maven-resources-plugin-3.1.0.pom
2025-12-13 20:39:07,523 [Worker-122: Creating java11-junit5] INFO  o.e.m.c.i.e.AbstractTransferListenerAdapter - Downloading https://repo.maven.apache.org/maven2/org/apache/maven/plugins/maven-plugins/31/maven-plugins-31.pom
2025-12-13 20:39:07,528 [Worker-122: Creating java11-junit5] INFO  o.e.m.c.i.e.AbstractTransferListenerAdapter - Downloaded https://repo.maven.apache.org/maven2/org/apache/maven/plugins/maven-plugins/31/maven-plugins-31.pom
2025-12-13 20:39:07,623 [Worker-122: Creating java11-junit5] INFO  o.e.m.c.i.e.AbstractTransferListenerAdapter - Downloading https://repo.maven.apache.org/maven2/org/apache/maven/maven-parent/31/maven-parent-31.pom
2025-12-13 20:39:07,629 [Worker-122: Creating java11-junit5] INFO  o.e.m.c.i.e.AbstractTransferListenerAdapter - Downloaded https://repo.maven.apache.org/maven2/org/apache/maven/maven-parent/31/maven-parent-31.pom
2025-12-13 20:39:07,733 [Worker-122: Creating java11-junit5] INFO  o.e.m.c.i.e.AbstractTransferListenerAdapter - Downloading https://repo.maven.apache.org/maven2/org/apache/apache/19/apache-19.pom
2025-12-13 20:39:07,738 [Worker-122: Creating java11-junit5] INFO  o.e.m.c.i.e.AbstractTransferListenerAdapter - Downloaded https://repo.maven.apache.org/maven2/org/apache/apache/19/apache-19.pom
2025-12-13 20:39:07,845 [Worker-122: Creating java11-junit5] INFO  o.e.m.c.i.e.AbstractTransferListenerAdapter - Downloading https://repo.maven.apache.org/maven2/org/apache/maven/plugins/maven-surefire-plugin/3.0.0-M4/maven-surefire-plugin-3.0.0-M4.pom
2025-12-13 20:39:07,849 [Worker-122: Creating java11-junit5] INFO  o.e.m.c.i.e.AbstractTransferListenerAdapter - Downloaded https://repo.maven.apache.org/maven2/org/apache/maven/plugins/maven-surefire-plugin/3.0.0-M4/maven-surefire-plugin-3.0.0-M4.pom
2025-12-13 20:39:07,978 [Worker-122: Creating java11-junit5] INFO  o.e.m.c.i.e.AbstractTransferListenerAdapter - Downloading https://repo.maven.apache.org/maven2/org/apache/maven/surefire/surefire/3.0.0-M4/surefire-3.0.0-M4.pom
2025-12-13 20:39:07,983 [Worker-122: Creating java11-junit5] INFO  o.e.m.c.i.e.AbstractTransferListenerAdapter - Downloaded https://repo.maven.apache.org/maven2/org/apache/maven/surefire/surefire/3.0.0-M4/surefire-3.0.0-M4.pom
2025-12-13 20:39:08,088 [Worker-122: Creating java11-junit5] INFO  o.e.m.c.i.e.AbstractTransferListenerAdapter - Downloading https://repo.maven.apache.org/maven2/org/apache/maven/plugins/maven-jar-plugin/3.2.0/maven-jar-plugin-3.2.0.pom
2025-12-13 20:39:08,092 [Worker-122: Creating java11-junit5] INFO  o.e.m.c.i.e.AbstractTransferListenerAdapter - Downloaded https://repo.maven.apache.org/maven2/org/apache/maven/plugins/maven-jar-plugin/3.2.0/maven-jar-plugin-3.2.0.pom
2025-12-13 20:39:08,229 [Worker-122: Creating java11-junit5] INFO  o.e.m.c.i.e.AbstractTransferListenerAdapter - Downloading https://repo.maven.apache.org/maven2/org/apache/maven/plugins/maven-shade-plugin/3.2.2/maven-shade-plugin-3.2.2.pom
2025-12-13 20:39:08,234 [Worker-122: Creating java11-junit5] INFO  o.e.m.c.i.e.AbstractTransferListenerAdapter - Downloaded https://repo.maven.apache.org/maven2/org/apache/maven/plugins/maven-shade-plugin/3.2.2/maven-shade-plugin-3.2.2.pom
2025-12-13 20:39:08,345 [Worker-122: Creating java11-junit5] INFO  o.e.m.c.i.e.AbstractTransferListenerAdapter - Downloading https://repo.maven.apache.org/maven2/org/apache/maven/shared/file-management/3.0.0/file-management-3.0.0.pom
2025-12-13 20:39:08,350 [Worker-122: Creating java11-junit5] INFO  o.e.m.c.i.e.AbstractTransferListenerAdapter - Downloaded https://repo.maven.apache.org/maven2/org/apache/maven/shared/file-management/3.0.0/file-management-3.0.0.pom
2025-12-13 20:39:08,449 [Worker-122: Creating java11-junit5] INFO  o.e.m.c.i.e.AbstractTransferListenerAdapter - Downloading https://repo.maven.apache.org/maven2/org/apache/maven/shared/maven-shared-components/22/maven-shared-components-22.pom
2025-12-13 20:39:08,453 [Worker-122: Creating java11-junit5] INFO  o.e.m.c.i.e.AbstractTransferListenerAdapter - Downloaded https://repo.maven.apache.org/maven2/org/apache/maven/shared/maven-shared-components/22/maven-shared-components-22.pom
2025-12-13 20:39:08,556 [Worker-122: Creating java11-junit5] INFO  o.e.m.c.i.e.AbstractTransferListenerAdapter - Downloading https://repo.maven.apache.org/maven2/org/apache/maven/maven-parent/27/maven-parent-27.pom
2025-12-13 20:39:08,561 [Worker-122: Creating java11-junit5] INFO  o.e.m.c.i.e.AbstractTransferListenerAdapter - Downloaded https://repo.maven.apache.org/maven2/org/apache/maven/maven-parent/27/maven-parent-27.pom
2025-12-13 20:39:08,666 [Worker-122: Creating java11-junit5] INFO  o.e.m.c.i.e.AbstractTransferListenerAdapter - Downloading https://repo.maven.apache.org/maven2/org/apache/apache/17/apache-17.pom
2025-12-13 20:39:08,671 [Worker-122: Creating java11-junit5] INFO  o.e.m.c.i.e.AbstractTransferListenerAdapter - Downloaded https://repo.maven.apache.org/maven2/org/apache/apache/17/apache-17.pom
2025-12-13 20:39:08,778 [Worker-122: Creating java11-junit5] INFO  o.e.m.c.i.e.AbstractTransferListenerAdapter - Downloading https://repo.maven.apache.org/maven2/org/apache/maven/shared/maven-shared-io/3.0.0/maven-shared-io-3.0.0.pom
2025-12-13 20:39:08,782 [Worker-122: Creating java11-junit5] INFO  o.e.m.c.i.e.AbstractTransferListenerAdapter - Downloaded https://repo.maven.apache.org/maven2/org/apache/maven/shared/maven-shared-io/3.0.0/maven-shared-io-3.0.0.pom
2025-12-13 20:39:08,882 [Worker-122: Creating java11-junit5] INFO  o.e.m.c.i.e.AbstractTransferListenerAdapter - Downloading https://repo.maven.apache.org/maven2/org/apache/maven/maven-compat/3.0/maven-compat-3.0.pom
2025-12-13 20:39:08,886 [Worker-122: Creating java11-junit5] INFO  o.e.m.c.i.e.AbstractTransferListenerAdapter - Downloaded https://repo.maven.apache.org/maven2/org/apache/maven/maven-compat/3.0/maven-compat-3.0.pom
2025-12-13 20:39:08,990 [Worker-122: Creating java11-junit5] INFO  o.e.m.c.i.e.AbstractTransferListenerAdapter - Downloading https://repo.maven.apache.org/maven2/org/apache/maven/wagon/wagon-provider-api/1.0-beta-6/wagon-provider-api-1.0-beta-6.pom
2025-12-13 20:39:08,995 [Worker-122: Creating java11-junit5] INFO  o.e.m.c.i.e.AbstractTransferListenerAdapter - Downloaded https://repo.maven.apache.org/maven2/org/apache/maven/wagon/wagon-provider-api/1.0-beta-6/wagon-provider-api-1.0-beta-6.pom
2025-12-13 20:39:09,098 [Worker-122: Creating java11-junit5] INFO  o.e.m.c.i.e.AbstractTransferListenerAdapter - Downloading https://repo.maven.apache.org/maven2/org/apache/maven/wagon/wagon/1.0-beta-6/wagon-1.0-beta-6.pom
2025-12-13 20:39:09,102 [Worker-122: Creating java11-junit5] INFO  o.e.m.c.i.e.AbstractTransferListenerAdapter - Downloaded https://repo.maven.apache.org/maven2/org/apache/maven/wagon/wagon/1.0-beta-6/wagon-1.0-beta-6.pom
2025-12-13 20:39:09,200 [Worker-122: Creating java11-junit5] INFO  o.e.m.c.i.e.AbstractTransferListenerAdapter - Downloading https://repo.maven.apache.org/maven2/org/codehaus/plexus/plexus-utils/1.4.2/plexus-utils-1.4.2.pom
2025-12-13 20:39:09,205 [Worker-122: Creating java11-junit5] INFO  o.e.m.c.i.e.AbstractTransferListenerAdapter - Downloaded https://repo.maven.apache.org/maven2/org/codehaus/plexus/plexus-utils/1.4.2/plexus-utils-1.4.2.pom
2025-12-13 20:39:09,300 [Worker-122: Creating java11-junit5] INFO  o.e.m.c.i.e.AbstractTransferListenerAdapter - Downloading https://repo.maven.apache.org/maven2/org/apache/maven/wagon/wagon-provider-api/2.10/wagon-provider-api-2.10.pom
2025-12-13 20:39:09,304 [Worker-122: Creating java11-junit5] INFO  o.e.m.c.i.e.AbstractTransferListenerAdapter - Downloaded https://repo.maven.apache.org/maven2/org/apache/maven/wagon/wagon-provider-api/2.10/wagon-provider-api-2.10.pom
2025-12-13 20:39:09,402 [Worker-122: Creating java11-junit5] INFO  o.e.m.c.i.e.AbstractTransferListenerAdapter - Downloading https://repo.maven.apache.org/maven2/org/apache/maven/wagon/wagon/2.10/wagon-2.10.pom
2025-12-13 20:39:09,407 [Worker-122: Creating java11-junit5] INFO  o.e.m.c.i.e.AbstractTransferListenerAdapter - Downloaded https://repo.maven.apache.org/maven2/org/apache/maven/wagon/wagon/2.10/wagon-2.10.pom
2025-12-13 20:39:09,506 [Worker-122: Creating java11-junit5] INFO  o.e.m.c.i.e.AbstractTransferListenerAdapter - Downloading https://repo.maven.apache.org/maven2/org/apache/maven/maven-parent/26/maven-parent-26.pom
2025-12-13 20:39:09,510 [Worker-122: Creating java11-junit5] INFO  o.e.m.c.i.e.AbstractTransferListenerAdapter - Downloaded https://repo.maven.apache.org/maven2/org/apache/maven/maven-parent/26/maven-parent-26.pom
2025-12-13 20:39:09,632 [Worker-122: Creating java11-junit5] INFO  o.e.m.c.i.e.AbstractTransferListenerAdapter - Downloading https://repo.maven.apache.org/maven2/org/codehaus/plexus/plexus-utils/3.0.15/plexus-utils-3.0.15.pom
2025-12-13 20:39:09,637 [Worker-122: Creating java11-junit5] INFO  o.e.m.c.i.e.AbstractTransferListenerAdapter - Downloaded https://repo.maven.apache.org/maven2/org/codehaus/plexus/plexus-utils/3.0.15/plexus-utils-3.0.15.pom
2025-12-13 20:39:09,741 [Worker-122: Creating java11-junit5] INFO  o.e.m.c.i.e.AbstractTransferListenerAdapter - Downloading https://repo.maven.apache.org/maven2/org/apache/maven/shared/maven-shared-utils/3.0.0/maven-shared-utils-3.0.0.pom
2025-12-13 20:39:09,745 [Worker-122: Creating java11-junit5] INFO  o.e.m.c.i.e.AbstractTransferListenerAdapter - Downloaded https://repo.maven.apache.org/maven2/org/apache/maven/shared/maven-shared-utils/3.0.0/maven-shared-utils-3.0.0.pom
2025-12-13 20:39:09,840 [Worker-122: Creating java11-junit5] INFO  o.e.m.c.i.e.AbstractTransferListenerAdapter - Downloading https://repo.maven.apache.org/maven2/org/apache/maven/shared/maven-shared-components/21/maven-shared-components-21.pom
2025-12-13 20:39:09,844 [Worker-122: Creating java11-junit5] INFO  o.e.m.c.i.e.AbstractTransferListenerAdapter - Downloaded https://repo.maven.apache.org/maven2/org/apache/maven/shared/maven-shared-components/21/maven-shared-components-21.pom
2025-12-13 20:39:09,944 [Worker-122: Creating java11-junit5] INFO  o.e.m.c.i.e.AbstractTransferListenerAdapter - Downloading https://repo.maven.apache.org/maven2/commons-io/commons-io/2.4/commons-io-2.4.pom
2025-12-13 20:39:09,948 [Worker-122: Creating java11-junit5] INFO  o.e.m.c.i.e.AbstractTransferListenerAdapter - Downloaded https://repo.maven.apache.org/maven2/commons-io/commons-io/2.4/commons-io-2.4.pom
2025-12-13 20:39:10,053 [Worker-122: Creating java11-junit5] INFO  o.e.m.c.i.e.AbstractTransferListenerAdapter - Downloading https://repo.maven.apache.org/maven2/org/apache/commons/commons-parent/25/commons-parent-25.pom
2025-12-13 20:39:10,058 [Worker-122: Creating java11-junit5] INFO  o.e.m.c.i.e.AbstractTransferListenerAdapter - Downloaded https://repo.maven.apache.org/maven2/org/apache/commons/commons-parent/25/commons-parent-25.pom
2025-12-13 20:39:10,157 [Worker-122: Creating java11-junit5] INFO  o.e.m.c.i.e.AbstractTransferListenerAdapter - Downloading https://repo.maven.apache.org/maven2/org/apache/maven/maven-archiver/3.5.0/maven-archiver-3.5.0.pom
2025-12-13 20:39:10,162 [Worker-122: Creating java11-junit5] INFO  o.e.m.c.i.e.AbstractTransferListenerAdapter - Downloaded https://repo.maven.apache.org/maven2/org/apache/maven/maven-archiver/3.5.0/maven-archiver-3.5.0.pom
2025-12-13 20:39:10,260 [Worker-122: Creating java11-junit5] INFO  o.e.m.c.i.e.AbstractTransferListenerAdapter - Downloading https://repo.maven.apache.org/maven2/org/apache/maven/shared/maven-shared-components/33/maven-shared-components-33.pom
2025-12-13 20:39:10,263 [Worker-122: Creating java11-junit5] INFO  o.e.m.c.i.e.AbstractTransferListenerAdapter - Downloaded https://repo.maven.apache.org/maven2/org/apache/maven/shared/maven-shared-components/33/maven-shared-components-33.pom
2025-12-13 20:39:10,369 [Worker-122: Creating java11-junit5] INFO  o.e.m.c.i.e.AbstractTransferListenerAdapter - Downloading https://repo.maven.apache.org/maven2/org/codehaus/plexus/plexus-archiver/4.2.0/plexus-archiver-4.2.0.pom
2025-12-13 20:39:10,373 [Worker-122: Creating java11-junit5] INFO  o.e.m.c.i.e.AbstractTransferListenerAdapter - Downloaded https://repo.maven.apache.org/maven2/org/codehaus/plexus/plexus-archiver/4.2.0/plexus-archiver-4.2.0.pom
2025-12-13 20:39:10,467 [Worker-122: Creating java11-junit5] INFO  o.e.m.c.i.e.AbstractTransferListenerAdapter - Downloading https://repo.maven.apache.org/maven2/org/codehaus/plexus/plexus-utils/3.3.0/plexus-utils-3.3.0.pom
2025-12-13 20:39:10,471 [Worker-122: Creating java11-junit5] INFO  o.e.m.c.i.e.AbstractTransferListenerAdapter - Downloaded https://repo.maven.apache.org/maven2/org/codehaus/plexus/plexus-utils/3.3.0/plexus-utils-3.3.0.pom
2025-12-13 20:39:10,576 [Worker-122: Creating java11-junit5] INFO  o.e.m.c.i.e.AbstractTransferListenerAdapter - Downloading https://repo.maven.apache.org/maven2/org/codehaus/plexus/plexus-io/3.2.0/plexus-io-3.2.0.pom
2025-12-13 20:39:10,580 [Worker-122: Creating java11-junit5] INFO  o.e.m.c.i.e.AbstractTransferListenerAdapter - Downloaded https://repo.maven.apache.org/maven2/org/codehaus/plexus/plexus-io/3.2.0/plexus-io-3.2.0.pom
2025-12-13 20:39:10,690 [Worker-122: Creating java11-junit5] INFO  o.e.m.c.i.e.AbstractTransferListenerAdapter - Downloading https://repo.maven.apache.org/maven2/org/apache/commons/commons-compress/1.19/commons-compress-1.19.pom
2025-12-13 20:39:10,694 [Worker-122: Creating java11-junit5] INFO  o.e.m.c.i.e.AbstractTransferListenerAdapter - Downloaded https://repo.maven.apache.org/maven2/org/apache/commons/commons-compress/1.19/commons-compress-1.19.pom
2025-12-13 20:39:10,791 [Worker-122: Creating java11-junit5] INFO  o.e.m.c.i.e.AbstractTransferListenerAdapter - Downloading https://repo.maven.apache.org/maven2/org/apache/commons/commons-parent/48/commons-parent-48.pom
2025-12-13 20:39:10,795 [Worker-122: Creating java11-junit5] INFO  o.e.m.c.i.e.AbstractTransferListenerAdapter - Downloaded https://repo.maven.apache.org/maven2/org/apache/commons/commons-parent/48/commons-parent-48.pom
2025-12-13 20:39:10,896 [Worker-122: Creating java11-junit5] INFO  o.e.m.c.i.e.AbstractTransferListenerAdapter - Downloading https://repo.maven.apache.org/maven2/org/tukaani/xz/1.8/xz-1.8.pom
2025-12-13 20:39:10,900 [Worker-122: Creating java11-junit5] INFO  o.e.m.c.i.e.AbstractTransferListenerAdapter - Downloaded https://repo.maven.apache.org/maven2/org/tukaani/xz/1.8/xz-1.8.pom
2025-12-13 20:39:10,997 [Worker-122: Creating java11-junit5] INFO  o.e.m.c.i.e.AbstractTransferListenerAdapter - Downloading https://repo.maven.apache.org/maven2/org/codehaus/plexus/plexus-interpolation/1.25/plexus-interpolation-1.25.pom
2025-12-13 20:39:11,002 [Worker-122: Creating java11-junit5] INFO  o.e.m.c.i.e.AbstractTransferListenerAdapter - Downloaded https://repo.maven.apache.org/maven2/org/codehaus/plexus/plexus-interpolation/1.25/plexus-interpolation-1.25.pom
2025-12-13 20:39:11,127 [Worker-122: Creating java11-junit5] INFO  o.e.m.c.i.e.AbstractTransferListenerAdapter - Downloading https://repo.maven.apache.org/maven2/org/codehaus/plexus/plexus-archiver/4.2.1/plexus-archiver-4.2.1.pom
2025-12-13 20:39:11,132 [Worker-122: Creating java11-junit5] INFO  o.e.m.c.i.e.AbstractTransferListenerAdapter - Downloaded https://repo.maven.apache.org/maven2/org/codehaus/plexus/plexus-archiver/4.2.1/plexus-archiver-4.2.1.pom
2025-12-13 20:39:11,294 [Worker-122: Creating java11-junit5] INFO  o.e.m.c.i.e.AbstractTransferListenerAdapter - Downloading https://repo.maven.apache.org/maven2/org/apache/maven/shared/file-management/3.0.0/file-management-3.0.0.jar
2025-12-13 20:39:11,299 [Worker-122: Creating java11-junit5] INFO  o.e.m.c.i.e.AbstractTransferListenerAdapter - Downloaded https://repo.maven.apache.org/maven2/org/apache/maven/shared/file-management/3.0.0/file-management-3.0.0.jar
2025-12-13 20:39:11,398 [BasicRepositoryConnector-repo.maven.apache.org-4-2] INFO  o.e.m.c.i.e.AbstractTransferListenerAdapter - Downloading https://repo.maven.apache.org/maven2/org/apache/maven/wagon/wagon-provider-api/2.10/wagon-provider-api-2.10.jar
2025-12-13 20:39:11,399 [BasicRepositoryConnector-repo.maven.apache.org-4-3] INFO  o.e.m.c.i.e.AbstractTransferListenerAdapter - Downloading https://repo.maven.apache.org/maven2/org/apache/maven/maven-archiver/3.5.0/maven-archiver-3.5.0.jar
2025-12-13 20:39:11,402 [BasicRepositoryConnector-repo.maven.apache.org-4-4] INFO  o.e.m.c.i.e.AbstractTransferListenerAdapter - Downloading https://repo.maven.apache.org/maven2/org/codehaus/plexus/plexus-archiver/4.2.1/plexus-archiver-4.2.1.jar
2025-12-13 20:39:11,402 [BasicRepositoryConnector-repo.maven.apache.org-4-0] INFO  o.e.m.c.i.e.AbstractTransferListenerAdapter - Downloading https://repo.maven.apache.org/maven2/org/apache/maven/shared/maven-shared-io/3.0.0/maven-shared-io-3.0.0.jar
2025-12-13 20:39:11,403 [BasicRepositoryConnector-repo.maven.apache.org-4-3] INFO  o.e.m.c.i.e.AbstractTransferListenerAdapter - Downloaded https://repo.maven.apache.org/maven2/org/apache/maven/maven-archiver/3.5.0/maven-archiver-3.5.0.jar
2025-12-13 20:39:11,403 [BasicRepositoryConnector-repo.maven.apache.org-4-2] INFO  o.e.m.c.i.e.AbstractTransferListenerAdapter - Downloaded https://repo.maven.apache.org/maven2/org/apache/maven/wagon/wagon-provider-api/2.10/wagon-provider-api-2.10.jar
2025-12-13 20:39:11,406 [BasicRepositoryConnector-repo.maven.apache.org-4-0] INFO  o.e.m.c.i.e.AbstractTransferListenerAdapter - Downloaded https://repo.maven.apache.org/maven2/org/apache/maven/shared/maven-shared-io/3.0.0/maven-shared-io-3.0.0.jar
2025-12-13 20:39:11,408 [BasicRepositoryConnector-repo.maven.apache.org-4-1] INFO  o.e.m.c.i.e.AbstractTransferListenerAdapter - Downloading https://repo.maven.apache.org/maven2/org/apache/maven/maven-compat/3.0/maven-compat-3.0.jar
2025-12-13 20:39:11,419 [BasicRepositoryConnector-repo.maven.apache.org-4-4] INFO  o.e.m.c.i.e.AbstractTransferListenerAdapter - Downloaded https://repo.maven.apache.org/maven2/org/codehaus/plexus/plexus-archiver/4.2.1/plexus-archiver-4.2.1.jar
2025-12-13 20:39:11,482 [BasicRepositoryConnector-repo.maven.apache.org-4-1] INFO  o.e.m.c.i.e.AbstractTransferListenerAdapter - Downloaded https://repo.maven.apache.org/maven2/org/apache/maven/maven-compat/3.0/maven-compat-3.0.jar
2025-12-13 20:39:11,496 [BasicRepositoryConnector-repo.maven.apache.org-4-3] INFO  o.e.m.c.i.e.AbstractTransferListenerAdapter - Downloading https://repo.maven.apache.org/maven2/org/codehaus/plexus/plexus-io/3.2.0/plexus-io-3.2.0.jar
2025-12-13 20:39:11,496 [BasicRepositoryConnector-repo.maven.apache.org-4-2] INFO  o.e.m.c.i.e.AbstractTransferListenerAdapter - Downloading https://repo.maven.apache.org/maven2/org/apache/commons/commons-compress/1.19/commons-compress-1.19.jar
2025-12-13 20:39:11,502 [BasicRepositoryConnector-repo.maven.apache.org-4-3] INFO  o.e.m.c.i.e.AbstractTransferListenerAdapter - Downloaded https://repo.maven.apache.org/maven2/org/codehaus/plexus/plexus-io/3.2.0/plexus-io-3.2.0.jar
2025-12-13 20:39:11,502 [BasicRepositoryConnector-repo.maven.apache.org-4-0] INFO  o.e.m.c.i.e.AbstractTransferListenerAdapter - Downloading https://repo.maven.apache.org/maven2/org/tukaani/xz/1.8/xz-1.8.jar
2025-12-13 20:39:11,513 [BasicRepositoryConnector-repo.maven.apache.org-4-4] INFO  o.e.m.c.i.e.AbstractTransferListenerAdapter - Downloading https://repo.maven.apache.org/maven2/org/codehaus/plexus/plexus-utils/3.3.0/plexus-utils-3.3.0.jar
2025-12-13 20:39:11,514 [BasicRepositoryConnector-repo.maven.apache.org-4-0] INFO  o.e.m.c.i.e.AbstractTransferListenerAdapter - Downloaded https://repo.maven.apache.org/maven2/org/tukaani/xz/1.8/xz-1.8.jar
2025-12-13 20:39:11,587 [BasicRepositoryConnector-repo.maven.apache.org-4-4] INFO  o.e.m.c.i.e.AbstractTransferListenerAdapter - Downloaded https://repo.maven.apache.org/maven2/org/codehaus/plexus/plexus-utils/3.3.0/plexus-utils-3.3.0.jar
2025-12-13 20:39:11,589 [BasicRepositoryConnector-repo.maven.apache.org-4-2] INFO  o.e.m.c.i.e.AbstractTransferListenerAdapter - Downloaded https://repo.maven.apache.org/maven2/org/apache/commons/commons-compress/1.19/commons-compress-1.19.jar
2025-12-13 20:39:11,857 [Worker-122: Creating java11-junit5] INFO  o.e.m.c.i.e.AbstractTransferListenerAdapter - Downloading https://repo.maven.apache.org/maven2/org/codehaus/plexus/plexus-utils/3.1.0/plexus-utils-3.1.0.pom
2025-12-13 20:39:11,861 [Worker-122: Creating java11-junit5] INFO  o.e.m.c.i.e.AbstractTransferListenerAdapter - Downloaded https://repo.maven.apache.org/maven2/org/codehaus/plexus/plexus-utils/3.1.0/plexus-utils-3.1.0.pom
2025-12-13 20:39:11,969 [Worker-122: Creating java11-junit5] INFO  o.e.m.c.i.e.AbstractTransferListenerAdapter - Downloading https://repo.maven.apache.org/maven2/org/apache/maven/shared/maven-filtering/3.1.1/maven-filtering-3.1.1.pom
2025-12-13 20:39:11,974 [Worker-122: Creating java11-junit5] INFO  o.e.m.c.i.e.AbstractTransferListenerAdapter - Downloaded https://repo.maven.apache.org/maven2/org/apache/maven/shared/maven-filtering/3.1.1/maven-filtering-3.1.1.pom
2025-12-13 20:39:12,072 [Worker-122: Creating java11-junit5] INFO  o.e.m.c.i.e.AbstractTransferListenerAdapter - Downloading https://repo.maven.apache.org/maven2/org/codehaus/plexus/plexus-utils/3.0.24/plexus-utils-3.0.24.pom
2025-12-13 20:39:12,077 [Worker-122: Creating java11-junit5] INFO  o.e.m.c.i.e.AbstractTransferListenerAdapter - Downloaded https://repo.maven.apache.org/maven2/org/codehaus/plexus/plexus-utils/3.0.24/plexus-utils-3.0.24.pom
2025-12-13 20:39:12,173 [Worker-122: Creating java11-junit5] INFO  o.e.m.c.i.e.AbstractTransferListenerAdapter - Downloading https://repo.maven.apache.org/maven2/org/codehaus/plexus/plexus-interpolation/1.22/plexus-interpolation-1.22.pom
2025-12-13 20:39:12,177 [Worker-122: Creating java11-junit5] INFO  o.e.m.c.i.e.AbstractTransferListenerAdapter - Downloaded https://repo.maven.apache.org/maven2/org/codehaus/plexus/plexus-interpolation/1.22/plexus-interpolation-1.22.pom
2025-12-13 20:39:12,283 [Worker-122: Creating java11-junit5] INFO  o.e.m.c.i.e.AbstractTransferListenerAdapter - Downloading https://repo.maven.apache.org/maven2/org/codehaus/plexus/plexus-utils/1.5.8/plexus-utils-1.5.8.pom
2025-12-13 20:39:12,288 [Worker-122: Creating java11-junit5] INFO  o.e.m.c.i.e.AbstractTransferListenerAdapter - Downloaded https://repo.maven.apache.org/maven2/org/codehaus/plexus/plexus-utils/1.5.8/plexus-utils-1.5.8.pom
2025-12-13 20:39:12,387 [Worker-122: Creating java11-junit5] INFO  o.e.m.c.i.e.AbstractTransferListenerAdapter - Downloading https://repo.maven.apache.org/maven2/org/codehaus/plexus/plexus-interpolation/1.24/plexus-interpolation-1.24.pom
2025-12-13 20:39:12,392 [Worker-122: Creating java11-junit5] INFO  o.e.m.c.i.e.AbstractTransferListenerAdapter - Downloaded https://repo.maven.apache.org/maven2/org/codehaus/plexus/plexus-interpolation/1.24/plexus-interpolation-1.24.pom
2025-12-13 20:39:12,530 [Worker-122: Creating java11-junit5] INFO  o.e.m.c.i.e.AbstractTransferListenerAdapter - Downloading https://repo.maven.apache.org/maven2/org/codehaus/plexus/plexus-utils/3.1.0/plexus-utils-3.1.0.jar
2025-12-13 20:39:12,550 [Worker-122: Creating java11-junit5] INFO  o.e.m.c.i.e.AbstractTransferListenerAdapter - Downloaded https://repo.maven.apache.org/maven2/org/codehaus/plexus/plexus-utils/3.1.0/plexus-utils-3.1.0.jar
2025-12-13 20:39:12,643 [BasicRepositoryConnector-repo.maven.apache.org-5-1] INFO  o.e.m.c.i.e.AbstractTransferListenerAdapter - Downloading https://repo.maven.apache.org/maven2/org/apache/maven/shared/maven-shared-utils/3.0.0/maven-shared-utils-3.0.0.jar
2025-12-13 20:39:12,646 [BasicRepositoryConnector-repo.maven.apache.org-5-0] INFO  o.e.m.c.i.e.AbstractTransferListenerAdapter - Downloading https://repo.maven.apache.org/maven2/org/apache/maven/shared/maven-filtering/3.1.1/maven-filtering-3.1.1.jar
2025-12-13 20:39:12,647 [BasicRepositoryConnector-repo.maven.apache.org-5-2] INFO  o.e.m.c.i.e.AbstractTransferListenerAdapter - Downloading https://repo.maven.apache.org/maven2/com/google/code/findbugs/jsr305/2.0.1/jsr305-2.0.1.jar
2025-12-13 20:39:12,649 [BasicRepositoryConnector-repo.maven.apache.org-5-3] INFO  o.e.m.c.i.e.AbstractTransferListenerAdapter - Downloading https://repo.maven.apache.org/maven2/org/codehaus/plexus/plexus-interpolation/1.24/plexus-interpolation-1.24.jar
2025-12-13 20:39:12,650 [BasicRepositoryConnector-repo.maven.apache.org-5-0] INFO  o.e.m.c.i.e.AbstractTransferListenerAdapter - Downloaded https://repo.maven.apache.org/maven2/org/apache/maven/shared/maven-filtering/3.1.1/maven-filtering-3.1.1.jar
2025-12-13 20:39:12,650 [BasicRepositoryConnector-repo.maven.apache.org-5-2] INFO  o.e.m.c.i.e.AbstractTransferListenerAdapter - Downloaded https://repo.maven.apache.org/maven2/com/google/code/findbugs/jsr305/2.0.1/jsr305-2.0.1.jar
2025-12-13 20:39:12,654 [BasicRepositoryConnector-repo.maven.apache.org-5-1] INFO  o.e.m.c.i.e.AbstractTransferListenerAdapter - Downloaded https://repo.maven.apache.org/maven2/org/apache/maven/shared/maven-shared-utils/3.0.0/maven-shared-utils-3.0.0.jar
2025-12-13 20:39:12,654 [BasicRepositoryConnector-repo.maven.apache.org-5-3] INFO  o.e.m.c.i.e.AbstractTransferListenerAdapter - Downloaded https://repo.maven.apache.org/maven2/org/codehaus/plexus/plexus-interpolation/1.24/plexus-interpolation-1.24.jar
2025-12-13 20:39:12,691 [Worker-122: Creating java11-junit5] INFO  o.e.m.j.i.AbstractJavaProjectConfigurator - Adding source folder /ejemplojunit/src/main/java
2025-12-13 20:39:12,691 [Worker-122: Creating java11-junit5] INFO  o.e.m.j.i.AbstractJavaProjectConfigurator - Adding resource folder /ejemplojunit/src/main/resources
2025-12-13 20:39:12,693 [Worker-122: Creating java11-junit5] INFO  o.e.m.j.i.AbstractJavaProjectConfigurator - Adding source folder /ejemplojunit/src/test/java
2025-12-13 20:39:12,695 [Worker-122: Creating java11-junit5] INFO  o.e.m.j.i.AbstractJavaProjectConfigurator - Adding resource folder /ejemplojunit/src/test/resources
2025-12-13 20:39:12,740 [Worker-122: Creating java11-junit5] WARN  o.apache.maven.project.MavenProject - Direct modification of compileSourceRoots through clear() is deprecated and will not work in Maven 4.0.0. Please use the add/remove methods instead. If you're using a plugin that causes this warning, please upgrade to the latest version and report an issue if the warning persists. To disable these warnings, set -Dmaven.project.sourceRoots.warningsDisabled=true on the command line, in the .mvn/maven.config file, or in project POM properties.
2025-12-13 20:39:12,741 [Worker-122: Creating java11-junit5] WARN  o.apache.maven.project.MavenProject - Direct modification of compileSourceRoots through add() is deprecated and will not work in Maven 4.0.0. Please use the add/remove methods instead. If you're using a plugin that causes this warning, please upgrade to the latest version and report an issue if the warning persists. To disable these warnings, set -Dmaven.project.sourceRoots.warningsDisabled=true on the command line, in the .mvn/maven.config file, or in project POM properties.
2025-12-13 20:39:12,741 [Worker-122: Creating java11-junit5] WARN  o.apache.maven.project.MavenProject - Direct modification of testCompileSourceRoots through clear() is deprecated and will not work in Maven 4.0.0. Please use the add/remove methods instead. If you're using a plugin that causes this warning, please upgrade to the latest version and report an issue if the warning persists. To disable these warnings, set -Dmaven.project.sourceRoots.warningsDisabled=true on the command line, in the .mvn/maven.config file, or in project POM properties.
2025-12-13 20:39:12,742 [Worker-122: Creating java11-junit5] WARN  o.apache.maven.project.MavenProject - Direct modification of testCompileSourceRoots through add() is deprecated and will not work in Maven 4.0.0. Please use the add/remove methods instead. If you're using a plugin that causes this warning, please upgrade to the latest version and report an issue if the warning persists. To disable these warnings, set -Dmaven.project.sourceRoots.warningsDisabled=true on the command line, in the .mvn/maven.config file, or in project POM properties.
2025-12-13 20:39:12,746 [Worker-122: Creating java11-junit5] INFO  o.e.m.c.i.p.ProjectConfigurationManager - Imported and configured 1 project(s) in 8 sec
2025-12-13 20:39:12,947 [Worker-132: Building] INFO  o.e.m.c.i.embedder.EclipseLogger - Using 'UTF-8' encoding to copy filtered resources.
2025-12-13 20:39:12,947 [Worker-132: Building] INFO  o.e.m.c.i.embedder.EclipseLogger - skip non existing resourceDirectory C:\Users\mateo\Documents\KRAKEV\MODULO 2\workspace_java\ejemplojunit\src\main\resources
2025-12-13 20:39:12,950 [Worker-132: Building] INFO  o.e.m.c.i.embedder.EclipseLogger - Using 'UTF-8' encoding to copy filtered resources.
2025-12-13 20:39:12,950 [Worker-132: Building] INFO  o.e.m.c.i.embedder.EclipseLogger - skip non existing resourceDirectory C:\Users\mateo\Documents\KRAKEV\MODULO 2\workspace_java\ejemplojunit\src\test\resources
2025-12-13 20:39:13,000 [Worker-127: Download sources and javadoc] INFO  o.e.m.c.i.e.AbstractTransferListenerAdapter - Downloading https://repo.maven.apache.org/maven2/org/junit/jupiter/junit-jupiter-api/5.6.2/junit-jupiter-api-5.6.2-sources.jar
2025-12-13 20:39:13,143 [Worker-127: Download sources and javadoc] INFO  o.e.m.c.i.e.AbstractTransferListenerAdapter - Downloaded https://repo.maven.apache.org/maven2/org/junit/jupiter/junit-jupiter-api/5.6.2/junit-jupiter-api-5.6.2-sources.jar
2025-12-13 20:39:13,147 [Worker-127: Download sources and javadoc] INFO  o.e.m.j.internal.DownloadSourcesJob - Downloaded sources for org.junit.jupiter:junit-jupiter-api:5.6.2
2025-12-13 20:39:13,290 [Worker-132: Building] WARN  o.apache.maven.project.MavenProject - Direct modification of compileSourceRoots through clear() is deprecated and will not work in Maven 4.0.0. Please use the add/remove methods instead. If you're using a plugin that causes this warning, please upgrade to the latest version and report an issue if the warning persists. To disable these warnings, set -Dmaven.project.sourceRoots.warningsDisabled=true on the command line, in the .mvn/maven.config file, or in project POM properties.
2025-12-13 20:39:13,291 [Worker-132: Building] WARN  o.apache.maven.project.MavenProject - Direct modification of compileSourceRoots through add() is deprecated and will not work in Maven 4.0.0. Please use the add/remove methods instead. If you're using a plugin that causes this warning, please upgrade to the latest version and report an issue if the warning persists. To disable these warnings, set -Dmaven.project.sourceRoots.warningsDisabled=true on the command line, in the .mvn/maven.config file, or in project POM properties.
2025-12-13 20:39:13,291 [Worker-132: Building] WARN  o.apache.maven.project.MavenProject - Direct modification of testCompileSourceRoots through clear() is deprecated and will not work in Maven 4.0.0. Please use the add/remove methods instead. If you're using a plugin that causes this warning, please upgrade to the latest version and report an issue if the warning persists. To disable these warnings, set -Dmaven.project.sourceRoots.warningsDisabled=true on the command line, in the .mvn/maven.config file, or in project POM properties.
2025-12-13 20:39:13,292 [Worker-132: Building] WARN  o.apache.maven.project.MavenProject - Direct modification of testCompileSourceRoots through add() is deprecated and will not work in Maven 4.0.0. Please use the add/remove methods instead. If you're using a plugin that causes this warning, please upgrade to the latest version and report an issue if the warning persists. To disable these warnings, set -Dmaven.project.sourceRoots.warningsDisabled=true on the command line, in the .mvn/maven.config file, or in project POM properties.
2025-12-13 20:39:13,407 [Worker-127: Download sources and javadoc] INFO  o.e.m.c.i.e.AbstractTransferListenerAdapter - Downloading https://repo.maven.apache.org/maven2/org/apiguardian/apiguardian-api/1.1.0/apiguardian-api-1.1.0-sources.jar
2025-12-13 20:39:13,411 [Worker-127: Download sources and javadoc] INFO  o.e.m.c.i.e.AbstractTransferListenerAdapter - Downloaded https://repo.maven.apache.org/maven2/org/apiguardian/apiguardian-api/1.1.0/apiguardian-api-1.1.0-sources.jar
2025-12-13 20:39:13,414 [Worker-127: Download sources and javadoc] INFO  o.e.m.j.internal.DownloadSourcesJob - Downloaded sources for org.apiguardian:apiguardian-api:1.1.0
2025-12-13 20:39:13,655 [Worker-127: Download sources and javadoc] INFO  o.e.m.c.i.e.AbstractTransferListenerAdapter - Downloading https://repo.maven.apache.org/maven2/org/opentest4j/opentest4j/1.2.0/opentest4j-1.2.0-sources.jar
2025-12-13 20:39:13,659 [Worker-127: Download sources and javadoc] INFO  o.e.m.c.i.e.AbstractTransferListenerAdapter - Downloaded https://repo.maven.apache.org/maven2/org/opentest4j/opentest4j/1.2.0/opentest4j-1.2.0-sources.jar
2025-12-13 20:39:13,661 [Worker-127: Download sources and javadoc] INFO  o.e.m.j.internal.DownloadSourcesJob - Downloaded sources for org.opentest4j:opentest4j:1.2.0
2025-12-13 20:39:13,920 [Worker-127: Download sources and javadoc] INFO  o.e.m.c.i.e.AbstractTransferListenerAdapter - Downloading https://repo.maven.apache.org/maven2/org/junit/platform/junit-platform-commons/1.6.2/junit-platform-commons-1.6.2-sources.jar
2025-12-13 20:39:13,993 [Worker-127: Download sources and javadoc] INFO  o.e.m.c.i.e.AbstractTransferListenerAdapter - Downloaded https://repo.maven.apache.org/maven2/org/junit/platform/junit-platform-commons/1.6.2/junit-platform-commons-1.6.2-sources.jar
2025-12-13 20:39:13,995 [Worker-127: Download sources and javadoc] INFO  o.e.m.j.internal.DownloadSourcesJob - Downloaded sources for org.junit.platform:junit-platform-commons:1.6.2
2025-12-13 20:39:14,240 [Worker-127: Download sources and javadoc] INFO  o.e.m.c.i.e.AbstractTransferListenerAdapter - Downloading https://repo.maven.apache.org/maven2/org/junit/jupiter/junit-jupiter-engine/5.6.2/junit-jupiter-engine-5.6.2-sources.jar
2025-12-13 20:39:14,312 [Worker-127: Download sources and javadoc] INFO  o.e.m.c.i.e.AbstractTransferListenerAdapter - Downloaded https://repo.maven.apache.org/maven2/org/junit/jupiter/junit-jupiter-engine/5.6.2/junit-jupiter-engine-5.6.2-sources.jar
2025-12-13 20:39:14,315 [Worker-127: Download sources and javadoc] INFO  o.e.m.j.internal.DownloadSourcesJob - Downloaded sources for org.junit.jupiter:junit-jupiter-engine:5.6.2
2025-12-13 20:39:14,558 [Worker-127: Download sources and javadoc] INFO  o.e.m.c.i.e.AbstractTransferListenerAdapter - Downloading https://repo.maven.apache.org/maven2/org/junit/platform/junit-platform-engine/1.6.2/junit-platform-engine-1.6.2-sources.jar
2025-12-13 20:39:14,632 [Worker-127: Download sources and javadoc] INFO  o.e.m.c.i.e.AbstractTransferListenerAdapter - Downloaded https://repo.maven.apache.org/maven2/org/junit/platform/junit-platform-engine/1.6.2/junit-platform-engine-1.6.2-sources.jar
2025-12-13 20:39:14,634 [Worker-127: Download sources and javadoc] INFO  o.e.m.j.internal.DownloadSourcesJob - Downloaded sources for org.junit.platform:junit-platform-engine:1.6.2
2025-12-13 20:39:14,876 [Worker-127: Download sources and javadoc] INFO  o.e.m.c.i.e.AbstractTransferListenerAdapter - Downloading https://repo.maven.apache.org/maven2/org/junit/jupiter/junit-jupiter-params/5.6.2/junit-jupiter-params-5.6.2-sources.jar
2025-12-13 20:39:14,946 [Worker-127: Download sources and javadoc] INFO  o.e.m.c.i.e.AbstractTransferListenerAdapter - Downloaded https://repo.maven.apache.org/maven2/org/junit/jupiter/junit-jupiter-params/5.6.2/junit-jupiter-params-5.6.2-sources.jar
2025-12-13 20:39:14,949 [Worker-127: Download sources and javadoc] INFO  o.e.m.j.internal.DownloadSourcesJob - Downloaded sources for org.junit.jupiter:junit-jupiter-params:5.6.2
2025-12-13 20:39:19,492 [Worker-131: Launching Executing install in C__Users_mateo_Documents_KRAKEV_MODULO 2_workspace_java_ejemplojunit] INFO  o.eclipse.m2e.core.internal.Bundles - getClasspathEntries(Bundle=org.eclipse.m2e.maven.runtime_3.9.1100.20250811-2018 [639])
2025-12-13 20:39:19,493 [Worker-131: Launching Executing install in C__Users_mateo_Documents_KRAKEV_MODULO 2_workspace_java_ejemplojunit] INFO  o.eclipse.m2e.core.internal.Bundles - 	Entry: C:\Users\mateo\.p2\pool\plugins\org.eclipse.m2e.maven.runtime_3.9.1100.20250811-2018
2025-12-13 20:39:19,494 [Worker-131: Launching Executing install in C__Users_mateo_Documents_KRAKEV_MODULO 2_workspace_java_ejemplojunit] INFO  o.eclipse.m2e.core.internal.Bundles - 	Entry: C:\Users\mateo\.p2\pool\plugins\org.eclipse.m2e.maven.runtime_3.9.1100.20250811-2018\jars\aopalliance-1.0.jar
2025-12-13 20:39:19,494 [Worker-131: Launching Executing install in C__Users_mateo_Documents_KRAKEV_MODULO 2_workspace_java_ejemplojunit] INFO  o.eclipse.m2e.core.internal.Bundles - 	Entry: C:\Users\mateo\.p2\pool\plugins\org.eclipse.m2e.maven.runtime_3.9.1100.20250811-2018\jars\asm-9.8.jar
2025-12-13 20:39:19,494 [Worker-131: Launching Executing install in C__Users_mateo_Documents_KRAKEV_MODULO 2_workspace_java_ejemplojunit] INFO  o.eclipse.m2e.core.internal.Bundles - 	Entry: C:\Users\mateo\.p2\pool\plugins\org.eclipse.m2e.maven.runtime_3.9.1100.20250811-2018\jars\error_prone_annotations-2.38.0.jar
2025-12-13 20:39:19,494 [Worker-131: Launching Executing install in C__Users_mateo_Documents_KRAKEV_MODULO 2_workspace_java_ejemplojunit] INFO  o.eclipse.m2e.core.internal.Bundles - 	Entry: C:\Users\mateo\.p2\pool\plugins\org.eclipse.m2e.maven.runtime_3.9.1100.20250811-2018\jars\gson-2.13.1.jar
2025-12-13 20:39:19,494 [Worker-131: Launching Executing install in C__Users_mateo_Documents_KRAKEV_MODULO 2_workspace_java_ejemplojunit] INFO  o.eclipse.m2e.core.internal.Bundles - 	Entry: C:\Users\mateo\.p2\pool\plugins\org.eclipse.m2e.maven.runtime_3.9.1100.20250811-2018\jars\guice-5.1.0-classes.jar
2025-12-13 20:39:19,494 [Worker-131: Launching Executing install in C__Users_mateo_Documents_KRAKEV_MODULO 2_workspace_java_ejemplojunit] INFO  o.eclipse.m2e.core.internal.Bundles - 	Entry: C:\Users\mateo\.p2\pool\plugins\org.eclipse.m2e.maven.runtime_3.9.1100.20250811-2018\jars\httpclient-4.5.14.jar
2025-12-13 20:39:19,494 [Worker-131: Launching Executing install in C__Users_mateo_Documents_KRAKEV_MODULO 2_workspace_java_ejemplojunit] INFO  o.eclipse.m2e.core.internal.Bundles - 	Entry: C:\Users\mateo\.p2\pool\plugins\org.eclipse.m2e.maven.runtime_3.9.1100.20250811-2018\jars\httpcore-4.4.16.jar
2025-12-13 20:39:19,494 [Worker-131: Launching Executing install in C__Users_mateo_Documents_KRAKEV_MODULO 2_workspace_java_ejemplojunit] INFO  o.eclipse.m2e.core.internal.Bundles - 	Entry: C:\Users\mateo\.p2\pool\plugins\org.eclipse.m2e.maven.runtime_3.9.1100.20250811-2018\jars\jansi-2.4.2.jar
2025-12-13 20:39:19,495 [Worker-131: Launching Executing install in C__Users_mateo_Documents_KRAKEV_MODULO 2_workspace_java_ejemplojunit] INFO  o.eclipse.m2e.core.internal.Bundles - 	Entry: C:\Users\mateo\.p2\pool\plugins\org.eclipse.m2e.maven.runtime_3.9.1100.20250811-2018\jars\jcl-over-slf4j-1.7.36.jar
2025-12-13 20:39:19,495 [Worker-131: Launching Executing install in C__Users_mateo_Documents_KRAKEV_MODULO 2_workspace_java_ejemplojunit] INFO  o.eclipse.m2e.core.internal.Bundles - 	Entry: C:\Users\mateo\.p2\pool\plugins\org.eclipse.m2e.maven.runtime_3.9.1100.20250811-2018\jars\maven-artifact-3.9.11.jar
2025-12-13 20:39:19,495 [Worker-131: Launching Executing install in C__Users_mateo_Documents_KRAKEV_MODULO 2_workspace_java_ejemplojunit] INFO  o.eclipse.m2e.core.internal.Bundles - 	Entry: C:\Users\mateo\.p2\pool\plugins\org.eclipse.m2e.maven.runtime_3.9.1100.20250811-2018\jars\maven-builder-support-3.9.11.jar
2025-12-13 20:39:19,495 [Worker-131: Launching Executing install in C__Users_mateo_Documents_KRAKEV_MODULO 2_workspace_java_ejemplojunit] INFO  o.eclipse.m2e.core.internal.Bundles - 	Entry: C:\Users\mateo\.p2\pool\plugins\org.eclipse.m2e.maven.runtime_3.9.1100.20250811-2018\jars\maven-compat-3.9.11.jar
2025-12-13 20:39:19,496 [Worker-131: Launching Executing install in C__Users_mateo_Documents_KRAKEV_MODULO 2_workspace_java_ejemplojunit] INFO  o.eclipse.m2e.core.internal.Bundles - 	Entry: C:\Users\mateo\.p2\pool\plugins\org.eclipse.m2e.maven.runtime_3.9.1100.20250811-2018\jars\maven-core-3.9.11.jar
2025-12-13 20:39:19,496 [Worker-131: Launching Executing install in C__Users_mateo_Documents_KRAKEV_MODULO 2_workspace_java_ejemplojunit] INFO  o.eclipse.m2e.core.internal.Bundles - 	Entry: C:\Users\mateo\.p2\pool\plugins\org.eclipse.m2e.maven.runtime_3.9.1100.20250811-2018\jars\maven-embedder-3.9.11.jar
2025-12-13 20:39:19,496 [Worker-131: Launching Executing install in C__Users_mateo_Documents_KRAKEV_MODULO 2_workspace_java_ejemplojunit] INFO  o.eclipse.m2e.core.internal.Bundles - 	Entry: C:\Users\mateo\.p2\pool\plugins\org.eclipse.m2e.maven.runtime_3.9.1100.20250811-2018\jars\maven-model-3.9.11.jar
2025-12-13 20:39:19,496 [Worker-131: Launching Executing install in C__Users_mateo_Documents_KRAKEV_MODULO 2_workspace_java_ejemplojunit] INFO  o.eclipse.m2e.core.internal.Bundles - 	Entry: C:\Users\mateo\.p2\pool\plugins\org.eclipse.m2e.maven.runtime_3.9.1100.20250811-2018\jars\maven-model-builder-3.9.11.jar
2025-12-13 20:39:19,496 [Worker-131: Launching Executing install in C__Users_mateo_Documents_KRAKEV_MODULO 2_workspace_java_ejemplojunit] INFO  o.eclipse.m2e.core.internal.Bundles - 	Entry: C:\Users\mateo\.p2\pool\plugins\org.eclipse.m2e.maven.runtime_3.9.1100.20250811-2018\jars\maven-plugin-api-3.9.11.jar
2025-12-13 20:39:19,496 [Worker-131: Launching Executing install in C__Users_mateo_Documents_KRAKEV_MODULO 2_workspace_java_ejemplojunit] INFO  o.eclipse.m2e.core.internal.Bundles - 	Entry: C:\Users\mateo\.p2\pool\plugins\org.eclipse.m2e.maven.runtime_3.9.1100.20250811-2018\jars\maven-repository-metadata-3.9.11.jar
2025-12-13 20:39:19,496 [Worker-131: Launching Executing install in C__Users_mateo_Documents_KRAKEV_MODULO 2_workspace_java_ejemplojunit] INFO  o.eclipse.m2e.core.internal.Bundles - 	Entry: C:\Users\mateo\.p2\pool\plugins\org.eclipse.m2e.maven.runtime_3.9.1100.20250811-2018\jars\maven-resolver-api-1.9.24.jar
2025-12-13 20:39:19,497 [Worker-131: Launching Executing install in C__Users_mateo_Documents_KRAKEV_MODULO 2_workspace_java_ejemplojunit] INFO  o.eclipse.m2e.core.internal.Bundles - 	Entry: C:\Users\mateo\.p2\pool\plugins\org.eclipse.m2e.maven.runtime_3.9.1100.20250811-2018\jars\maven-resolver-connector-basic-1.9.24.jar
2025-12-13 20:39:19,497 [Worker-131: Launching Executing install in C__Users_mateo_Documents_KRAKEV_MODULO 2_workspace_java_ejemplojunit] INFO  o.eclipse.m2e.core.internal.Bundles - 	Entry: C:\Users\mateo\.p2\pool\plugins\org.eclipse.m2e.maven.runtime_3.9.1100.20250811-2018\jars\maven-resolver-impl-1.9.24.jar
2025-12-13 20:39:19,497 [Worker-131: Launching Executing install in C__Users_mateo_Documents_KRAKEV_MODULO 2_workspace_java_ejemplojunit] INFO  o.eclipse.m2e.core.internal.Bundles - 	Entry: C:\Users\mateo\.p2\pool\plugins\org.eclipse.m2e.maven.runtime_3.9.1100.20250811-2018\jars\maven-resolver-named-locks-1.9.24.jar
2025-12-13 20:39:19,497 [Worker-131: Launching Executing install in C__Users_mateo_Documents_KRAKEV_MODULO 2_workspace_java_ejemplojunit] INFO  o.eclipse.m2e.core.internal.Bundles - 	Entry: C:\Users\mateo\.p2\pool\plugins\org.eclipse.m2e.maven.runtime_3.9.1100.20250811-2018\jars\maven-resolver-provider-3.9.11.jar
2025-12-13 20:39:19,497 [Worker-131: Launching Executing install in C__Users_mateo_Documents_KRAKEV_MODULO 2_workspace_java_ejemplojunit] INFO  o.eclipse.m2e.core.internal.Bundles - 	Entry: C:\Users\mateo\.p2\pool\plugins\org.eclipse.m2e.maven.runtime_3.9.1100.20250811-2018\jars\maven-resolver-spi-1.9.24.jar
2025-12-13 20:39:19,497 [Worker-131: Launching Executing install in C__Users_mateo_Documents_KRAKEV_MODULO 2_workspace_java_ejemplojunit] INFO  o.eclipse.m2e.core.internal.Bundles - 	Entry: C:\Users\mateo\.p2\pool\plugins\org.eclipse.m2e.maven.runtime_3.9.1100.20250811-2018\jars\maven-resolver-transport-file-1.9.24.jar
2025-12-13 20:39:19,497 [Worker-131: Launching Executing install in C__Users_mateo_Documents_KRAKEV_MODULO 2_workspace_java_ejemplojunit] INFO  o.eclipse.m2e.core.internal.Bundles - 	Entry: C:\Users\mateo\.p2\pool\plugins\org.eclipse.m2e.maven.runtime_3.9.1100.20250811-2018\jars\maven-resolver-transport-http-1.9.24.jar
2025-12-13 20:39:19,497 [Worker-131: Launching Executing install in C__Users_mateo_Documents_KRAKEV_MODULO 2_workspace_java_ejemplojunit] INFO  o.eclipse.m2e.core.internal.Bundles - 	Entry: C:\Users\mateo\.p2\pool\plugins\org.eclipse.m2e.maven.runtime_3.9.1100.20250811-2018\jars\maven-resolver-transport-wagon-1.9.24.jar
2025-12-13 20:39:19,498 [Worker-131: Launching Executing install in C__Users_mateo_Documents_KRAKEV_MODULO 2_workspace_java_ejemplojunit] INFO  o.eclipse.m2e.core.internal.Bundles - 	Entry: C:\Users\mateo\.p2\pool\plugins\org.eclipse.m2e.maven.runtime_3.9.1100.20250811-2018\jars\maven-resolver-util-1.9.24.jar
2025-12-13 20:39:19,498 [Worker-131: Launching Executing install in C__Users_mateo_Documents_KRAKEV_MODULO 2_workspace_java_ejemplojunit] INFO  o.eclipse.m2e.core.internal.Bundles - 	Entry: C:\Users\mateo\.p2\pool\plugins\org.eclipse.m2e.maven.runtime_3.9.1100.20250811-2018\jars\maven-settings-3.9.11.jar
2025-12-13 20:39:19,498 [Worker-131: Launching Executing install in C__Users_mateo_Documents_KRAKEV_MODULO 2_workspace_java_ejemplojunit] INFO  o.eclipse.m2e.core.internal.Bundles - 	Entry: C:\Users\mateo\.p2\pool\plugins\org.eclipse.m2e.maven.runtime_3.9.1100.20250811-2018\jars\maven-settings-builder-3.9.11.jar
2025-12-13 20:39:19,498 [Worker-131: Launching Executing install in C__Users_mateo_Documents_KRAKEV_MODULO 2_workspace_java_ejemplojunit] INFO  o.eclipse.m2e.core.internal.Bundles - 	Entry: C:\Users\mateo\.p2\pool\plugins\org.eclipse.m2e.maven.runtime_3.9.1100.20250811-2018\jars\maven-shared-utils-3.4.2.jar
2025-12-13 20:39:19,498 [Worker-131: Launching Executing install in C__Users_mateo_Documents_KRAKEV_MODULO 2_workspace_java_ejemplojunit] INFO  o.eclipse.m2e.core.internal.Bundles - 	Entry: C:\Users\mateo\.p2\pool\plugins\org.eclipse.m2e.maven.runtime_3.9.1100.20250811-2018\jars\org.eclipse.sisu.inject-0.9.0.M4.jar
2025-12-13 20:39:19,498 [Worker-131: Launching Executing install in C__Users_mateo_Documents_KRAKEV_MODULO 2_workspace_java_ejemplojunit] INFO  o.eclipse.m2e.core.internal.Bundles - 	Entry: C:\Users\mateo\.p2\pool\plugins\org.eclipse.m2e.maven.runtime_3.9.1100.20250811-2018\jars\org.eclipse.sisu.plexus-0.9.0.M4.jar
2025-12-13 20:39:19,498 [Worker-131: Launching Executing install in C__Users_mateo_Documents_KRAKEV_MODULO 2_workspace_java_ejemplojunit] INFO  o.eclipse.m2e.core.internal.Bundles - 	Entry: C:\Users\mateo\.p2\pool\plugins\org.eclipse.m2e.maven.runtime_3.9.1100.20250811-2018\jars\plexus-build-api-0.0.7.jar
2025-12-13 20:39:19,499 [Worker-131: Launching Executing install in C__Users_mateo_Documents_KRAKEV_MODULO 2_workspace_java_ejemplojunit] INFO  o.eclipse.m2e.core.internal.Bundles - 	Entry: C:\Users\mateo\.p2\pool\plugins\org.eclipse.m2e.maven.runtime_3.9.1100.20250811-2018\jars\plexus-build-api-1.2.0.jar
2025-12-13 20:39:19,499 [Worker-131: Launching Executing install in C__Users_mateo_Documents_KRAKEV_MODULO 2_workspace_java_ejemplojunit] INFO  o.eclipse.m2e.core.internal.Bundles - 	Entry: C:\Users\mateo\.p2\pool\plugins\org.eclipse.m2e.maven.runtime_3.9.1100.20250811-2018\jars\plexus-cipher-2.0.jar
2025-12-13 20:39:19,499 [Worker-131: Launching Executing install in C__Users_mateo_Documents_KRAKEV_MODULO 2_workspace_java_ejemplojunit] INFO  o.eclipse.m2e.core.internal.Bundles - 	Entry: C:\Users\mateo\.p2\pool\plugins\org.eclipse.m2e.maven.runtime_3.9.1100.20250811-2018\jars\plexus-classworlds-2.9.0.jar
2025-12-13 20:39:19,499 [Worker-131: Launching Executing install in C__Users_mateo_Documents_KRAKEV_MODULO 2_workspace_java_ejemplojunit] INFO  o.eclipse.m2e.core.internal.Bundles - 	Entry: C:\Users\mateo\.p2\pool\plugins\org.eclipse.m2e.maven.runtime_3.9.1100.20250811-2018\jars\plexus-component-annotations-2.2.0.jar
2025-12-13 20:39:19,499 [Worker-131: Launching Executing install in C__Users_mateo_Documents_KRAKEV_MODULO 2_workspace_java_ejemplojunit] INFO  o.eclipse.m2e.core.internal.Bundles - 	Entry: C:\Users\mateo\.p2\pool\plugins\org.eclipse.m2e.maven.runtime_3.9.1100.20250811-2018\jars\plexus-interpolation-1.28.jar
2025-12-13 20:39:19,499 [Worker-131: Launching Executing install in C__Users_mateo_Documents_KRAKEV_MODULO 2_workspace_java_ejemplojunit] INFO  o.eclipse.m2e.core.internal.Bundles - 	Entry: C:\Users\mateo\.p2\pool\plugins\org.eclipse.m2e.maven.runtime_3.9.1100.20250811-2018\jars\plexus-sec-dispatcher-2.0.jar
2025-12-13 20:39:19,499 [Worker-131: Launching Executing install in C__Users_mateo_Documents_KRAKEV_MODULO 2_workspace_java_ejemplojunit] INFO  o.eclipse.m2e.core.internal.Bundles - 	Entry: C:\Users\mateo\.p2\pool\plugins\org.eclipse.m2e.maven.runtime_3.9.1100.20250811-2018\jars\plexus-utils-3.6.0.jar
2025-12-13 20:39:19,499 [Worker-131: Launching Executing install in C__Users_mateo_Documents_KRAKEV_MODULO 2_workspace_java_ejemplojunit] INFO  o.eclipse.m2e.core.internal.Bundles - 	Entry: C:\Users\mateo\.p2\pool\plugins\org.eclipse.m2e.maven.runtime_3.9.1100.20250811-2018\jars\wagon-file-3.5.3.jar
2025-12-13 20:39:19,500 [Worker-131: Launching Executing install in C__Users_mateo_Documents_KRAKEV_MODULO 2_workspace_java_ejemplojunit] INFO  o.eclipse.m2e.core.internal.Bundles - 	Entry: C:\Users\mateo\.p2\pool\plugins\org.eclipse.m2e.maven.runtime_3.9.1100.20250811-2018\jars\wagon-http-3.5.3.jar
2025-12-13 20:39:19,500 [Worker-131: Launching Executing install in C__Users_mateo_Documents_KRAKEV_MODULO 2_workspace_java_ejemplojunit] INFO  o.eclipse.m2e.core.internal.Bundles - 	Entry: C:\Users\mateo\.p2\pool\plugins\org.eclipse.m2e.maven.runtime_3.9.1100.20250811-2018\jars\wagon-http-shared-3.5.3.jar
2025-12-13 20:39:19,500 [Worker-131: Launching Executing install in C__Users_mateo_Documents_KRAKEV_MODULO 2_workspace_java_ejemplojunit] INFO  o.eclipse.m2e.core.internal.Bundles - 	Entry: C:\Users\mateo\.p2\pool\plugins\org.eclipse.m2e.maven.runtime_3.9.1100.20250811-2018\jars\wagon-provider-api-3.5.3.jar
2025-12-13 20:39:19,500 [Worker-131: Launching Executing install in C__Users_mateo_Documents_KRAKEV_MODULO 2_workspace_java_ejemplojunit] INFO  o.eclipse.m2e.core.internal.Bundles - getClasspathEntries(Bundle=com.google.guava_33.5.0.jre [1014])
2025-12-13 20:39:19,501 [Worker-131: Launching Executing install in C__Users_mateo_Documents_KRAKEV_MODULO 2_workspace_java_ejemplojunit] INFO  o.eclipse.m2e.core.internal.Bundles - 	Entry: C:\Users\mateo\.p2\pool\plugins\com.google.guava_33.5.0.jre.jar
2025-12-13 20:39:19,501 [Worker-131: Launching Executing install in C__Users_mateo_Documents_KRAKEV_MODULO 2_workspace_java_ejemplojunit] INFO  o.eclipse.m2e.core.internal.Bundles - getClasspathEntries(Bundle=slf4j.api_2.0.17 [1004])
2025-12-13 20:39:19,501 [Worker-131: Launching Executing install in C__Users_mateo_Documents_KRAKEV_MODULO 2_workspace_java_ejemplojunit] INFO  o.eclipse.m2e.core.internal.Bundles - 	Entry: C:\Users\mateo\.p2\pool\plugins\slf4j.api_2.0.17.jar
2025-12-13 20:39:19,501 [Worker-131: Launching Executing install in C__Users_mateo_Documents_KRAKEV_MODULO 2_workspace_java_ejemplojunit] INFO  o.eclipse.m2e.core.internal.Bundles - getClasspathEntries(Bundle=jakarta.inject.jakarta.inject-api_1.0.5 [35])
2025-12-13 20:39:19,502 [Worker-131: Launching Executing install in C__Users_mateo_Documents_KRAKEV_MODULO 2_workspace_java_ejemplojunit] INFO  o.eclipse.m2e.core.internal.Bundles - 	Entry: C:\Users\mateo\.p2\pool\plugins\jakarta.inject.jakarta.inject-api_1.0.5.jar
2025-12-13 20:39:19,502 [Worker-131: Launching Executing install in C__Users_mateo_Documents_KRAKEV_MODULO 2_workspace_java_ejemplojunit] INFO  o.eclipse.m2e.core.internal.Bundles - getClasspathEntries(Bundle=jakarta.annotation-api_1.3.5 [31])
2025-12-13 20:39:19,502 [Worker-131: Launching Executing install in C__Users_mateo_Documents_KRAKEV_MODULO 2_workspace_java_ejemplojunit] INFO  o.eclipse.m2e.core.internal.Bundles - 	Entry: C:\Users\mateo\.p2\pool\plugins\jakarta.annotation-api_1.3.5.jar
2025-12-13 20:39:19,502 [Worker-131: Launching Executing install in C__Users_mateo_Documents_KRAKEV_MODULO 2_workspace_java_ejemplojunit] INFO  o.eclipse.m2e.core.internal.Bundles - getClasspathEntries(Bundle=org.apache.commons.cli_1.10.0 [75])
2025-12-13 20:39:19,502 [Worker-131: Launching Executing install in C__Users_mateo_Documents_KRAKEV_MODULO 2_workspace_java_ejemplojunit] INFO  o.eclipse.m2e.core.internal.Bundles - 	Entry: C:\Users\mateo\.p2\pool\plugins\org.apache.commons.cli_1.10.0.jar
2025-12-13 20:39:19,502 [Worker-131: Launching Executing install in C__Users_mateo_Documents_KRAKEV_MODULO 2_workspace_java_ejemplojunit] INFO  o.eclipse.m2e.core.internal.Bundles - getClasspathEntries(Bundle=org.apache.commons.commons-codec_1.20.0 [1042])
2025-12-13 20:39:19,503 [Worker-131: Launching Executing install in C__Users_mateo_Documents_KRAKEV_MODULO 2_workspace_java_ejemplojunit] INFO  o.eclipse.m2e.core.internal.Bundles - 	Entry: C:\Users\mateo\.p2\pool\plugins\org.apache.commons.commons-codec_1.20.0.jar
2025-12-13 20:39:19,503 [Worker-131: Launching Executing install in C__Users_mateo_Documents_KRAKEV_MODULO 2_workspace_java_ejemplojunit] INFO  o.eclipse.m2e.core.internal.Bundles - getClasspathEntries(Bundle=com.google.guava.failureaccess_1.0.3 [19])
2025-12-13 20:39:19,503 [Worker-131: Launching Executing install in C__Users_mateo_Documents_KRAKEV_MODULO 2_workspace_java_ejemplojunit] INFO  o.eclipse.m2e.core.internal.Bundles - 	Entry: C:\Users\mateo\.p2\pool\plugins\com.google.guava.failureaccess_1.0.3.jar
2025-12-13 20:39:19,504 [Worker-131: Launching Executing install in C__Users_mateo_Documents_KRAKEV_MODULO 2_workspace_java_ejemplojunit] INFO  o.e.m.i.launch.MavenLaunchDelegate - Run build in "C:\Users\mateo\Documents\KRAKEV\MODULO 2\workspace_java\ejemplojunit":
2025-12-13 20:39:19,504 [Worker-131: Launching Executing install in C__Users_mateo_Documents_KRAKEV_MODULO 2_workspace_java_ejemplojunit] INFO  o.e.m.i.launch.MavenLaunchDelegate -  mvn  -B -Dstyle.color=always install
2025-12-13 20:40:07,862 [Worker-132: Building] INFO  o.e.m.c.i.embedder.EclipseLogger - Using 'UTF-8' encoding to copy filtered resources.
2025-12-13 20:40:07,863 [Worker-132: Building] INFO  o.e.m.c.i.embedder.EclipseLogger - skip non existing resourceDirectory C:\Users\mateo\Documents\KRAKEV\MODULO 2\workspace_java\ejemplojunit\src\main\resources
2025-12-13 20:40:07,864 [Worker-132: Building] INFO  o.e.m.c.i.embedder.EclipseLogger - Using 'UTF-8' encoding to copy filtered resources.
2025-12-13 20:40:07,864 [Worker-132: Building] INFO  o.e.m.c.i.embedder.EclipseLogger - skip non existing resourceDirectory C:\Users\mateo\Documents\KRAKEV\MODULO 2\workspace_java\ejemplojunit\src\test\resources
2025-12-13 20:40:07,865 [Worker-132: Building] WARN  o.apache.maven.project.MavenProject - Direct modification of compileSourceRoots through clear() is deprecated and will not work in Maven 4.0.0. Please use the add/remove methods instead. If you're using a plugin that causes this warning, please upgrade to the latest version and report an issue if the warning persists. To disable these warnings, set -Dmaven.project.sourceRoots.warningsDisabled=true on the command line, in the .mvn/maven.config file, or in project POM properties.
2025-12-13 20:40:07,865 [Worker-132: Building] WARN  o.apache.maven.project.MavenProject - Direct modification of compileSourceRoots through add() is deprecated and will not work in Maven 4.0.0. Please use the add/remove methods instead. If you're using a plugin that causes this warning, please upgrade to the latest version and report an issue if the warning persists. To disable these warnings, set -Dmaven.project.sourceRoots.warningsDisabled=true on the command line, in the .mvn/maven.config file, or in project POM properties.
2025-12-13 20:40:07,866 [Worker-132: Building] WARN  o.apache.maven.project.MavenProject - Direct modification of testCompileSourceRoots through clear() is deprecated and will not work in Maven 4.0.0. Please use the add/remove methods instead. If you're using a plugin that causes this warning, please upgrade to the latest version and report an issue if the warning persists. To disable these warnings, set -Dmaven.project.sourceRoots.warningsDisabled=true on the command line, in the .mvn/maven.config file, or in project POM properties.
2025-12-13 20:40:07,866 [Worker-132: Building] WARN  o.apache.maven.project.MavenProject - Direct modification of testCompileSourceRoots through add() is deprecated and will not work in Maven 4.0.0. Please use the add/remove methods instead. If you're using a plugin that causes this warning, please upgrade to the latest version and report an issue if the warning persists. To disable these warnings, set -Dmaven.project.sourceRoots.warningsDisabled=true on the command line, in the .mvn/maven.config file, or in project POM properties.
2025-12-13 20:44:20,192 [Worker-133: Building] INFO  o.e.m.c.i.embedder.EclipseLogger - Using 'UTF-8' encoding to copy filtered resources.
2025-12-13 20:44:20,192 [Worker-133: Building] INFO  o.e.m.c.i.embedder.EclipseLogger - skip non existing resourceDirectory C:\Users\mateo\Documents\KRAKEV\MODULO 2\workspace_java\ejemplojunit\src\main\resources
2025-12-13 20:44:20,193 [Worker-133: Building] INFO  o.e.m.c.i.embedder.EclipseLogger - Using 'UTF-8' encoding to copy filtered resources.
2025-12-13 20:44:20,193 [Worker-133: Building] INFO  o.e.m.c.i.embedder.EclipseLogger - skip non existing resourceDirectory C:\Users\mateo\Documents\KRAKEV\MODULO 2\workspace_java\ejemplojunit\src\test\resources
2025-12-13 20:44:20,194 [Worker-133: Building] WARN  o.apache.maven.project.MavenProject - Direct modification of compileSourceRoots through clear() is deprecated and will not work in Maven 4.0.0. Please use the add/remove methods instead. If you're using a plugin that causes this warning, please upgrade to the latest version and report an issue if the warning persists. To disable these warnings, set -Dmaven.project.sourceRoots.warningsDisabled=true on the command line, in the .mvn/maven.config file, or in project POM properties.
2025-12-13 20:44:20,194 [Worker-133: Building] WARN  o.apache.maven.project.MavenProject - Direct modification of compileSourceRoots through add() is deprecated and will not work in Maven 4.0.0. Please use the add/remove methods instead. If you're using a plugin that causes this warning, please upgrade to the latest version and report an issue if the warning persists. To disable these warnings, set -Dmaven.project.sourceRoots.warningsDisabled=true on the command line, in the .mvn/maven.config file, or in project POM properties.
2025-12-13 20:44:20,195 [Worker-133: Building] WARN  o.apache.maven.project.MavenProject - Direct modification of testCompileSourceRoots through clear() is deprecated and will not work in Maven 4.0.0. Please use the add/remove methods instead. If you're using a plugin that causes this warning, please upgrade to the latest version and report an issue if the warning persists. To disable these warnings, set -Dmaven.project.sourceRoots.warningsDisabled=true on the command line, in the .mvn/maven.config file, or in project POM properties.
2025-12-13 20:44:20,195 [Worker-133: Building] WARN  o.apache.maven.project.MavenProject - Direct modification of testCompileSourceRoots through add() is deprecated and will not work in Maven 4.0.0. Please use the add/remove methods instead. If you're using a plugin that causes this warning, please upgrade to the latest version and report an issue if the warning persists. To disable these warnings, set -Dmaven.project.sourceRoots.warningsDisabled=true on the command line, in the .mvn/maven.config file, or in project POM properties.
2025-12-13 20:44:25,704 [Worker-134: Building] INFO  o.e.m.c.i.embedder.EclipseLogger - Using 'UTF-8' encoding to copy filtered resources.
2025-12-13 20:44:25,704 [Worker-134: Building] INFO  o.e.m.c.i.embedder.EclipseLogger - skip non existing resourceDirectory C:\Users\mateo\Documents\KRAKEV\MODULO 2\workspace_java\ejemplojunit\src\main\resources
2025-12-13 20:44:25,705 [Worker-134: Building] INFO  o.e.m.c.i.embedder.EclipseLogger - Using 'UTF-8' encoding to copy filtered resources.
2025-12-13 20:44:25,705 [Worker-134: Building] INFO  o.e.m.c.i.embedder.EclipseLogger - skip non existing resourceDirectory C:\Users\mateo\Documents\KRAKEV\MODULO 2\workspace_java\ejemplojunit\src\test\resources
2025-12-13 20:44:25,705 [Worker-134: Building] WARN  o.apache.maven.project.MavenProject - Direct modification of compileSourceRoots through clear() is deprecated and will not work in Maven 4.0.0. Please use the add/remove methods instead. If you're using a plugin that causes this warning, please upgrade to the latest version and report an issue if the warning persists. To disable these warnings, set -Dmaven.project.sourceRoots.warningsDisabled=true on the command line, in the .mvn/maven.config file, or in project POM properties.
2025-12-13 20:44:25,706 [Worker-134: Building] WARN  o.apache.maven.project.MavenProject - Direct modification of compileSourceRoots through add() is deprecated and will not work in Maven 4.0.0. Please use the add/remove methods instead. If you're using a plugin that causes this warning, please upgrade to the latest version and report an issue if the warning persists. To disable these warnings, set -Dmaven.project.sourceRoots.warningsDisabled=true on the command line, in the .mvn/maven.config file, or in project POM properties.
2025-12-13 20:44:25,706 [Worker-134: Building] WARN  o.apache.maven.project.MavenProject - Direct modification of testCompileSourceRoots through clear() is deprecated and will not work in Maven 4.0.0. Please use the add/remove methods instead. If you're using a plugin that causes this warning, please upgrade to the latest version and report an issue if the warning persists. To disable these warnings, set -Dmaven.project.sourceRoots.warningsDisabled=true on the command line, in the .mvn/maven.config file, or in project POM properties.
2025-12-13 20:44:25,707 [Worker-134: Building] WARN  o.apache.maven.project.MavenProject - Direct modification of testCompileSourceRoots through add() is deprecated and will not work in Maven 4.0.0. Please use the add/remove methods instead. If you're using a plugin that causes this warning, please upgrade to the latest version and report an issue if the warning persists. To disable these warnings, set -Dmaven.project.sourceRoots.warningsDisabled=true on the command line, in the .mvn/maven.config file, or in project POM properties.
2025-12-13 20:45:52,768 [Worker-130: Building] INFO  o.e.m.c.i.embedder.EclipseLogger - Using 'UTF-8' encoding to copy filtered resources.
2025-12-13 20:45:52,768 [Worker-130: Building] INFO  o.e.m.c.i.embedder.EclipseLogger - skip non existing resourceDirectory C:\Users\mateo\Documents\KRAKEV\MODULO 2\workspace_java\ejemplojunit\src\main\resources
2025-12-13 20:45:52,769 [Worker-130: Building] INFO  o.e.m.c.i.embedder.EclipseLogger - Using 'UTF-8' encoding to copy filtered resources.
2025-12-13 20:45:52,769 [Worker-130: Building] INFO  o.e.m.c.i.embedder.EclipseLogger - skip non existing resourceDirectory C:\Users\mateo\Documents\KRAKEV\MODULO 2\workspace_java\ejemplojunit\src\test\resources
2025-12-13 20:45:52,770 [Worker-130: Building] WARN  o.apache.maven.project.MavenProject - Direct modification of compileSourceRoots through clear() is deprecated and will not work in Maven 4.0.0. Please use the add/remove methods instead. If you're using a plugin that causes this warning, please upgrade to the latest version and report an issue if the warning persists. To disable these warnings, set -Dmaven.project.sourceRoots.warningsDisabled=true on the command line, in the .mvn/maven.config file, or in project POM properties.
2025-12-13 20:45:52,770 [Worker-130: Building] WARN  o.apache.maven.project.MavenProject - Direct modification of compileSourceRoots through add() is deprecated and will not work in Maven 4.0.0. Please use the add/remove methods instead. If you're using a plugin that causes this warning, please upgrade to the latest version and report an issue if the warning persists. To disable these warnings, set -Dmaven.project.sourceRoots.warningsDisabled=true on the command line, in the .mvn/maven.config file, or in project POM properties.
2025-12-13 20:45:52,771 [Worker-130: Building] WARN  o.apache.maven.project.MavenProject - Direct modification of testCompileSourceRoots through clear() is deprecated and will not work in Maven 4.0.0. Please use the add/remove methods instead. If you're using a plugin that causes this warning, please upgrade to the latest version and report an issue if the warning persists. To disable these warnings, set -Dmaven.project.sourceRoots.warningsDisabled=true on the command line, in the .mvn/maven.config file, or in project POM properties.
2025-12-13 20:45:52,771 [Worker-130: Building] WARN  o.apache.maven.project.MavenProject - Direct modification of testCompileSourceRoots through add() is deprecated and will not work in Maven 4.0.0. Please use the add/remove methods instead. If you're using a plugin that causes this warning, please upgrade to the latest version and report an issue if the warning persists. To disable these warnings, set -Dmaven.project.sourceRoots.warningsDisabled=true on the command line, in the .mvn/maven.config file, or in project POM properties.
2025-12-13 20:45:56,205 [main] INFO  o.e.m.jdt.internal.UnitTestSupport - Updating AppTest from maven configuration
2025-12-13 20:47:08,395 [Worker-135: Building] INFO  o.e.m.c.i.embedder.EclipseLogger - Using 'UTF-8' encoding to copy filtered resources.
2025-12-13 20:47:08,395 [Worker-135: Building] INFO  o.e.m.c.i.embedder.EclipseLogger - skip non existing resourceDirectory C:\Users\mateo\Documents\KRAKEV\MODULO 2\workspace_java\ejemplojunit\src\main\resources
2025-12-13 20:47:08,397 [Worker-135: Building] INFO  o.e.m.c.i.embedder.EclipseLogger - Using 'UTF-8' encoding to copy filtered resources.
2025-12-13 20:47:08,397 [Worker-135: Building] INFO  o.e.m.c.i.embedder.EclipseLogger - skip non existing resourceDirectory C:\Users\mateo\Documents\KRAKEV\MODULO 2\workspace_java\ejemplojunit\src\test\resources
2025-12-13 20:47:08,397 [Worker-135: Building] WARN  o.apache.maven.project.MavenProject - Direct modification of compileSourceRoots through clear() is deprecated and will not work in Maven 4.0.0. Please use the add/remove methods instead. If you're using a plugin that causes this warning, please upgrade to the latest version and report an issue if the warning persists. To disable these warnings, set -Dmaven.project.sourceRoots.warningsDisabled=true on the command line, in the .mvn/maven.config file, or in project POM properties.
2025-12-13 20:47:08,398 [Worker-135: Building] WARN  o.apache.maven.project.MavenProject - Direct modification of compileSourceRoots through add() is deprecated and will not work in Maven 4.0.0. Please use the add/remove methods instead. If you're using a plugin that causes this warning, please upgrade to the latest version and report an issue if the warning persists. To disable these warnings, set -Dmaven.project.sourceRoots.warningsDisabled=true on the command line, in the .mvn/maven.config file, or in project POM properties.
2025-12-13 20:47:08,398 [Worker-135: Building] WARN  o.apache.maven.project.MavenProject - Direct modification of testCompileSourceRoots through clear() is deprecated and will not work in Maven 4.0.0. Please use the add/remove methods instead. If you're using a plugin that causes this warning, please upgrade to the latest version and report an issue if the warning persists. To disable these warnings, set -Dmaven.project.sourceRoots.warningsDisabled=true on the command line, in the .mvn/maven.config file, or in project POM properties.
2025-12-13 20:47:08,399 [Worker-135: Building] WARN  o.apache.maven.project.MavenProject - Direct modification of testCompileSourceRoots through add() is deprecated and will not work in Maven 4.0.0. Please use the add/remove methods instead. If you're using a plugin that causes this warning, please upgrade to the latest version and report an issue if the warning persists. To disable these warnings, set -Dmaven.project.sourceRoots.warningsDisabled=true on the command line, in the .mvn/maven.config file, or in project POM properties.
2025-12-13 20:47:21,680 [Worker-130: Building] INFO  o.e.m.c.i.embedder.EclipseLogger - Using 'UTF-8' encoding to copy filtered resources.
2025-12-13 20:47:21,680 [Worker-130: Building] INFO  o.e.m.c.i.embedder.EclipseLogger - skip non existing resourceDirectory C:\Users\mateo\Documents\KRAKEV\MODULO 2\workspace_java\ejemplojunit\src\main\resources
2025-12-13 20:47:21,681 [Worker-130: Building] INFO  o.e.m.c.i.embedder.EclipseLogger - Using 'UTF-8' encoding to copy filtered resources.
2025-12-13 20:47:21,681 [Worker-130: Building] INFO  o.e.m.c.i.embedder.EclipseLogger - skip non existing resourceDirectory C:\Users\mateo\Documents\KRAKEV\MODULO 2\workspace_java\ejemplojunit\src\test\resources
2025-12-13 20:47:21,681 [Worker-130: Building] WARN  o.apache.maven.project.MavenProject - Direct modification of compileSourceRoots through clear() is deprecated and will not work in Maven 4.0.0. Please use the add/remove methods instead. If you're using a plugin that causes this warning, please upgrade to the latest version and report an issue if the warning persists. To disable these warnings, set -Dmaven.project.sourceRoots.warningsDisabled=true on the command line, in the .mvn/maven.config file, or in project POM properties.
2025-12-13 20:47:21,682 [Worker-130: Building] WARN  o.apache.maven.project.MavenProject - Direct modification of compileSourceRoots through add() is deprecated and will not work in Maven 4.0.0. Please use the add/remove methods instead. If you're using a plugin that causes this warning, please upgrade to the latest version and report an issue if the warning persists. To disable these warnings, set -Dmaven.project.sourceRoots.warningsDisabled=true on the command line, in the .mvn/maven.config file, or in project POM properties.
2025-12-13 20:47:21,682 [Worker-130: Building] WARN  o.apache.maven.project.MavenProject - Direct modification of testCompileSourceRoots through clear() is deprecated and will not work in Maven 4.0.0. Please use the add/remove methods instead. If you're using a plugin that causes this warning, please upgrade to the latest version and report an issue if the warning persists. To disable these warnings, set -Dmaven.project.sourceRoots.warningsDisabled=true on the command line, in the .mvn/maven.config file, or in project POM properties.
2025-12-13 20:47:21,683 [Worker-130: Building] WARN  o.apache.maven.project.MavenProject - Direct modification of testCompileSourceRoots through add() is deprecated and will not work in Maven 4.0.0. Please use the add/remove methods instead. If you're using a plugin that causes this warning, please upgrade to the latest version and report an issue if the warning persists. To disable these warnings, set -Dmaven.project.sourceRoots.warningsDisabled=true on the command line, in the .mvn/maven.config file, or in project POM properties.
2025-12-13 20:47:44,984 [Worker-130: Building] INFO  o.e.m.c.i.embedder.EclipseLogger - Using 'UTF-8' encoding to copy filtered resources.
2025-12-13 20:47:44,984 [Worker-130: Building] INFO  o.e.m.c.i.embedder.EclipseLogger - skip non existing resourceDirectory C:\Users\mateo\Documents\KRAKEV\MODULO 2\workspace_java\ejemplojunit\src\main\resources
2025-12-13 20:47:44,985 [Worker-130: Building] INFO  o.e.m.c.i.embedder.EclipseLogger - Using 'UTF-8' encoding to copy filtered resources.
2025-12-13 20:47:44,985 [Worker-130: Building] INFO  o.e.m.c.i.embedder.EclipseLogger - skip non existing resourceDirectory C:\Users\mateo\Documents\KRAKEV\MODULO 2\workspace_java\ejemplojunit\src\test\resources
2025-12-13 20:47:44,985 [Worker-130: Building] WARN  o.apache.maven.project.MavenProject - Direct modification of compileSourceRoots through clear() is deprecated and will not work in Maven 4.0.0. Please use the add/remove methods instead. If you're using a plugin that causes this warning, please upgrade to the latest version and report an issue if the warning persists. To disable these warnings, set -Dmaven.project.sourceRoots.warningsDisabled=true on the command line, in the .mvn/maven.config file, or in project POM properties.
2025-12-13 20:47:44,986 [Worker-130: Building] WARN  o.apache.maven.project.MavenProject - Direct modification of compileSourceRoots through add() is deprecated and will not work in Maven 4.0.0. Please use the add/remove methods instead. If you're using a plugin that causes this warning, please upgrade to the latest version and report an issue if the warning persists. To disable these warnings, set -Dmaven.project.sourceRoots.warningsDisabled=true on the command line, in the .mvn/maven.config file, or in project POM properties.
2025-12-13 20:47:44,986 [Worker-130: Building] WARN  o.apache.maven.project.MavenProject - Direct modification of testCompileSourceRoots through clear() is deprecated and will not work in Maven 4.0.0. Please use the add/remove methods instead. If you're using a plugin that causes this warning, please upgrade to the latest version and report an issue if the warning persists. To disable these warnings, set -Dmaven.project.sourceRoots.warningsDisabled=true on the command line, in the .mvn/maven.config file, or in project POM properties.
2025-12-13 20:47:44,987 [Worker-130: Building] WARN  o.apache.maven.project.MavenProject - Direct modification of testCompileSourceRoots through add() is deprecated and will not work in Maven 4.0.0. Please use the add/remove methods instead. If you're using a plugin that causes this warning, please upgrade to the latest version and report an issue if the warning persists. To disable these warnings, set -Dmaven.project.sourceRoots.warningsDisabled=true on the command line, in the .mvn/maven.config file, or in project POM properties.
2025-12-13 20:47:58,202 [Worker-136: Building] INFO  o.e.m.c.i.embedder.EclipseLogger - Using 'UTF-8' encoding to copy filtered resources.
2025-12-13 20:47:58,202 [Worker-136: Building] INFO  o.e.m.c.i.embedder.EclipseLogger - skip non existing resourceDirectory C:\Users\mateo\Documents\KRAKEV\MODULO 2\workspace_java\ejemplojunit\src\main\resources
2025-12-13 20:47:58,203 [Worker-136: Building] INFO  o.e.m.c.i.embedder.EclipseLogger - Using 'UTF-8' encoding to copy filtered resources.
2025-12-13 20:47:58,203 [Worker-136: Building] INFO  o.e.m.c.i.embedder.EclipseLogger - skip non existing resourceDirectory C:\Users\mateo\Documents\KRAKEV\MODULO 2\workspace_java\ejemplojunit\src\test\resources
2025-12-13 20:47:58,203 [Worker-136: Building] WARN  o.apache.maven.project.MavenProject - Direct modification of compileSourceRoots through clear() is deprecated and will not work in Maven 4.0.0. Please use the add/remove methods instead. If you're using a plugin that causes this warning, please upgrade to the latest version and report an issue if the warning persists. To disable these warnings, set -Dmaven.project.sourceRoots.warningsDisabled=true on the command line, in the .mvn/maven.config file, or in project POM properties.
2025-12-13 20:47:58,204 [Worker-136: Building] WARN  o.apache.maven.project.MavenProject - Direct modification of compileSourceRoots through add() is deprecated and will not work in Maven 4.0.0. Please use the add/remove methods instead. If you're using a plugin that causes this warning, please upgrade to the latest version and report an issue if the warning persists. To disable these warnings, set -Dmaven.project.sourceRoots.warningsDisabled=true on the command line, in the .mvn/maven.config file, or in project POM properties.
2025-12-13 20:47:58,204 [Worker-136: Building] WARN  o.apache.maven.project.MavenProject - Direct modification of testCompileSourceRoots through clear() is deprecated and will not work in Maven 4.0.0. Please use the add/remove methods instead. If you're using a plugin that causes this warning, please upgrade to the latest version and report an issue if the warning persists. To disable these warnings, set -Dmaven.project.sourceRoots.warningsDisabled=true on the command line, in the .mvn/maven.config file, or in project POM properties.
2025-12-13 20:47:58,205 [Worker-136: Building] WARN  o.apache.maven.project.MavenProject - Direct modification of testCompileSourceRoots through add() is deprecated and will not work in Maven 4.0.0. Please use the add/remove methods instead. If you're using a plugin that causes this warning, please upgrade to the latest version and report an issue if the warning persists. To disable these warnings, set -Dmaven.project.sourceRoots.warningsDisabled=true on the command line, in the .mvn/maven.config file, or in project POM properties.
2025-12-13 20:48:06,046 [Worker-130: Building] INFO  o.e.m.c.i.embedder.EclipseLogger - Using 'UTF-8' encoding to copy filtered resources.
2025-12-13 20:48:06,046 [Worker-130: Building] INFO  o.e.m.c.i.embedder.EclipseLogger - skip non existing resourceDirectory C:\Users\mateo\Documents\KRAKEV\MODULO 2\workspace_java\ejemplojunit\src\main\resources
2025-12-13 20:48:06,047 [Worker-130: Building] INFO  o.e.m.c.i.embedder.EclipseLogger - Using 'UTF-8' encoding to copy filtered resources.
2025-12-13 20:48:06,047 [Worker-130: Building] INFO  o.e.m.c.i.embedder.EclipseLogger - skip non existing resourceDirectory C:\Users\mateo\Documents\KRAKEV\MODULO 2\workspace_java\ejemplojunit\src\test\resources
2025-12-13 20:48:06,047 [Worker-130: Building] WARN  o.apache.maven.project.MavenProject - Direct modification of compileSourceRoots through clear() is deprecated and will not work in Maven 4.0.0. Please use the add/remove methods instead. If you're using a plugin that causes this warning, please upgrade to the latest version and report an issue if the warning persists. To disable these warnings, set -Dmaven.project.sourceRoots.warningsDisabled=true on the command line, in the .mvn/maven.config file, or in project POM properties.
2025-12-13 20:48:06,048 [Worker-130: Building] WARN  o.apache.maven.project.MavenProject - Direct modification of compileSourceRoots through add() is deprecated and will not work in Maven 4.0.0. Please use the add/remove methods instead. If you're using a plugin that causes this warning, please upgrade to the latest version and report an issue if the warning persists. To disable these warnings, set -Dmaven.project.sourceRoots.warningsDisabled=true on the command line, in the .mvn/maven.config file, or in project POM properties.
2025-12-13 20:48:06,048 [Worker-130: Building] WARN  o.apache.maven.project.MavenProject - Direct modification of testCompileSourceRoots through clear() is deprecated and will not work in Maven 4.0.0. Please use the add/remove methods instead. If you're using a plugin that causes this warning, please upgrade to the latest version and report an issue if the warning persists. To disable these warnings, set -Dmaven.project.sourceRoots.warningsDisabled=true on the command line, in the .mvn/maven.config file, or in project POM properties.
2025-12-13 20:48:06,049 [Worker-130: Building] WARN  o.apache.maven.project.MavenProject - Direct modification of testCompileSourceRoots through add() is deprecated and will not work in Maven 4.0.0. Please use the add/remove methods instead. If you're using a plugin that causes this warning, please upgrade to the latest version and report an issue if the warning persists. To disable these warnings, set -Dmaven.project.sourceRoots.warningsDisabled=true on the command line, in the .mvn/maven.config file, or in project POM properties.
2025-12-13 20:57:44,944 [Worker-147: Building] INFO  o.e.m.c.i.l.LifecycleMappingFactory - Using org.eclipse.m2e.jdt.JarLifecycleMapping lifecycle mapping for MavenProject: com.krakedev:ejemplojunit:1.0.0 @ C:\Users\mateo\Documents\KRAKEV\MODULO 2\workspace_java\ejemplojunit\pom.xml.
2025-12-13 20:57:45,082 [Worker-147: Building] INFO  o.e.m.c.i.embedder.EclipseLogger - Using 'UTF-8' encoding to copy filtered resources.
2025-12-13 20:57:45,082 [Worker-147: Building] INFO  o.e.m.c.i.embedder.EclipseLogger - skip non existing resourceDirectory C:\Users\mateo\Documents\KRAKEV\MODULO 2\workspace_java\ejemplojunit\src\main\resources
2025-12-13 20:57:45,085 [Worker-147: Building] INFO  o.e.m.c.i.embedder.EclipseLogger - Using 'UTF-8' encoding to copy filtered resources.
2025-12-13 20:57:45,085 [Worker-147: Building] INFO  o.e.m.c.i.embedder.EclipseLogger - skip non existing resourceDirectory C:\Users\mateo\Documents\KRAKEV\MODULO 2\workspace_java\ejemplojunit\src\test\resources
2025-12-13 20:57:45,238 [Worker-147: Building] WARN  o.apache.maven.project.MavenProject - Direct modification of compileSourceRoots through clear() is deprecated and will not work in Maven 4.0.0. Please use the add/remove methods instead. If you're using a plugin that causes this warning, please upgrade to the latest version and report an issue if the warning persists. To disable these warnings, set -Dmaven.project.sourceRoots.warningsDisabled=true on the command line, in the .mvn/maven.config file, or in project POM properties.
2025-12-13 20:57:45,239 [Worker-147: Building] WARN  o.apache.maven.project.MavenProject - Direct modification of compileSourceRoots through add() is deprecated and will not work in Maven 4.0.0. Please use the add/remove methods instead. If you're using a plugin that causes this warning, please upgrade to the latest version and report an issue if the warning persists. To disable these warnings, set -Dmaven.project.sourceRoots.warningsDisabled=true on the command line, in the .mvn/maven.config file, or in project POM properties.
2025-12-13 20:57:45,239 [Worker-147: Building] WARN  o.apache.maven.project.MavenProject - Direct modification of testCompileSourceRoots through clear() is deprecated and will not work in Maven 4.0.0. Please use the add/remove methods instead. If you're using a plugin that causes this warning, please upgrade to the latest version and report an issue if the warning persists. To disable these warnings, set -Dmaven.project.sourceRoots.warningsDisabled=true on the command line, in the .mvn/maven.config file, or in project POM properties.
2025-12-13 20:57:45,240 [Worker-147: Building] WARN  o.apache.maven.project.MavenProject - Direct modification of testCompileSourceRoots through add() is deprecated and will not work in Maven 4.0.0. Please use the add/remove methods instead. If you're using a plugin that causes this warning, please upgrade to the latest version and report an issue if the warning persists. To disable these warnings, set -Dmaven.project.sourceRoots.warningsDisabled=true on the command line, in the .mvn/maven.config file, or in project POM properties.
2025-12-13 21:09:51,867 [Worker-156: Building] INFO  o.e.m.c.i.embedder.EclipseLogger - Using 'UTF-8' encoding to copy filtered resources.
2025-12-13 21:09:51,868 [Worker-156: Building] INFO  o.e.m.c.i.embedder.EclipseLogger - skip non existing resourceDirectory C:\Users\mateo\Documents\KRAKEV\MODULO 2\workspace_java\ejemplojunit\src\main\resources
2025-12-13 21:09:51,869 [Worker-156: Building] INFO  o.e.m.c.i.embedder.EclipseLogger - Using 'UTF-8' encoding to copy filtered resources.
2025-12-13 21:09:51,869 [Worker-156: Building] INFO  o.e.m.c.i.embedder.EclipseLogger - skip non existing resourceDirectory C:\Users\mateo\Documents\KRAKEV\MODULO 2\workspace_java\ejemplojunit\src\test\resources
2025-12-13 21:09:51,869 [Worker-156: Building] WARN  o.apache.maven.project.MavenProject - Direct modification of compileSourceRoots through clear() is deprecated and will not work in Maven 4.0.0. Please use the add/remove methods instead. If you're using a plugin that causes this warning, please upgrade to the latest version and report an issue if the warning persists. To disable these warnings, set -Dmaven.project.sourceRoots.warningsDisabled=true on the command line, in the .mvn/maven.config file, or in project POM properties.
2025-12-13 21:09:51,870 [Worker-156: Building] WARN  o.apache.maven.project.MavenProject - Direct modification of compileSourceRoots through add() is deprecated and will not work in Maven 4.0.0. Please use the add/remove methods instead. If you're using a plugin that causes this warning, please upgrade to the latest version and report an issue if the warning persists. To disable these warnings, set -Dmaven.project.sourceRoots.warningsDisabled=true on the command line, in the .mvn/maven.config file, or in project POM properties.
2025-12-13 21:09:51,870 [Worker-156: Building] WARN  o.apache.maven.project.MavenProject - Direct modification of testCompileSourceRoots through clear() is deprecated and will not work in Maven 4.0.0. Please use the add/remove methods instead. If you're using a plugin that causes this warning, please upgrade to the latest version and report an issue if the warning persists. To disable these warnings, set -Dmaven.project.sourceRoots.warningsDisabled=true on the command line, in the .mvn/maven.config file, or in project POM properties.
2025-12-13 21:09:51,871 [Worker-156: Building] WARN  o.apache.maven.project.MavenProject - Direct modification of testCompileSourceRoots through add() is deprecated and will not work in Maven 4.0.0. Please use the add/remove methods instead. If you're using a plugin that causes this warning, please upgrade to the latest version and report an issue if the warning persists. To disable these warnings, set -Dmaven.project.sourceRoots.warningsDisabled=true on the command line, in the .mvn/maven.config file, or in project POM properties.
